"","probs","quinteto","Year","Player"
"616",98.4096255648919,0,2015,"Russell Westbrook"
"250",97.8391288978373,1,2015,"James Harden"
"290",93.8894457713311,1,2015,"LeBron James"
"136",90.3460852894166,1,2015,"Stephen Curry"
"448",84.8618999648775,1,2015,"Chris Paul"
"210",81.1841994499959,0,2015,"Pau Gasol"
"148",80.694417866748,0,2015,"Anthony Davis"
"174",76.0130726015654,0,2015,"Tim Duncan"
"11",55.4431659405938,1,2015,"LaMarcus Aldridge"
"55",53.27340469227,0,2015,"Sim Bhullar"
"209",47.1808743510648,0,2015,"Marc Gasol"
"602",44.9419338663668,0,2015,"Dwyane Wade"
"126",43.5437243343756,0,2015,"DeMarcus Cousins"
"608",35.5659564108588,0,2015,"John Wall"
"80",28.9543825489102,0,2015,"Kobe Bryant"
"351",27.1759652749548,1,2015,"Damian Lillard"
"239",27.1666846708865,1,2015,"Blake Griffin"
"567",18.1130341662171,0,2015,"Jeff Teague"
"487",17.6519085972101,0,2015,"Zach Randolph"
"275",15.9302335657326,0,2015,"Al Horford"
"88",15.7172133491837,0,2015,"Jimmy Butler"
"259",14.8166736858171,0,2015,"Gordon Hayward"
"176",13.820916502742,1,2015,"Kevin Durant"
"316",12.3653469189791,0,2015,"DeAndre Jordan"
"434",12.209534266521,0,2015,"Dirk Nowitzki"
"400",11.8392555735033,0,2015,"Paul Millsap"
"340",11.758501401954,0,2015,"Ty Lawson"
"23",10.0286171280784,0,2015,"Carmelo Anthony"
"217",9.76982405156232,0,2015,"Manu Ginobili"
"284",9.36020640612876,0,2015,"Kyrie Irving"
"291",9.10266714404245,1,2015,"Al Jefferson"
"582",8.63946030002443,0,2015,"Klay Thompson"
"211",7.88635612828253,0,2015,"Rudy Gay"
"69",7.44686879731406,0,2015,"Chris Bosh"
"357",7.28070695321067,0,2015,"Kyle Lowry"
"630",6.95585490013767,0,2015,"Mo Williams"
"62",6.90483757105393,0,2015,"Eric Bledsoe"
"348",6.76707039999534,0,2015,"Kawhi Leonard"
"356",6.75903353319638,1,2015,"Kevin Love"
"288",6.69234335333525,0,2015,"Reggie Jackson"
"403",6.61377915362866,0,2015,"Greg Monroe"
"107",5.69026950675123,0,2015,"Tyson Chandler"
"626",5.67130613620105,0,2015,"Lou Williams"
"267",5.63389433884844,0,2015,"George Hill"
"607",5.37912889551138,0,2015,"Kemba Walker"
"574",5.04593440420237,0,2015,"Isaiah Thomas"
"509",4.92158908397827,0,2015,"Derrick Rose"
"122",4.89103496753493,0,2015,"Mike Conley"
"295",4.84256934932131,0,2015,"Brandon Jennings"
"572",4.82731444603241,0,2015,"Isaiah Thomas"
"507",4.58317556576933,0,2015,"Rajon Rondo"
"129",4.35040736504226,0,2015,"Jamal Crawford"
"143",4.24133019126426,0,2015,"Luigi Datome"
"191",4.23177092475406,0,2015,"Derrick Favors"
"615",4.20756691457518,0,2015,"David West"
"445",4.00898946673011,1,2015,"Tony Parker"
"186",3.71951024024234,0,2015,"Tyreke Evans"
"354",3.59467062708845,0,2015,"Brook Lopez"
"330",3.56846125281266,0,2015,"Brandon Knight"
"158",3.56815794884342,0,2015,"DeMar DeRozan"
"519",3.52266755504964,0,2015,"Luis Scola"
"172",3.39667825941767,0,2015,"Andre Drummond"
"276",3.37042869238837,1,2015,"Dwight Howard"
"617",3.31933252779894,0,2015,"Hassan Whiteside"
"208",3.31596313098912,0,2015,"Kevin Garnett"
"218",3.17756045245768,0,2015,"Rudy Gobert"
"91",3.13681966595028,0,2015,"Will Bynum"
"601",3.0127593449377,0,2015,"Nikola Vucevic"
"225",2.91237913168078,0,2015,"Marcin Gortat"
"391",2.75746325476325,0,2015,"Andre Miller"
"207",2.70588069843117,0,2015,"Kevin Garnett"
"628",2.62479249666964,0,2015,"Mo Williams"
"286",2.5206662256816,0,2015,"Reggie Jackson"
"206",2.51636915337344,0,2015,"Kevin Garnett"
"329",2.48777075377353,0,2015,"Brandon Knight"
"621",2.45529269153521,0,2015,"Deron Williams"
"392",2.39458534344627,0,2015,"Andre Miller"
"457",2.38805473700609,0,2015,"Paul Pierce"
"529",2.38149745228718,0,2015,"Alexey Shved"
"547",2.33593825606587,0,2015,"Josh Smith"
"405",2.31203054566256,0,2015,"Eric Moreland"
"548",2.23984907058584,0,2015,"Josh Smith"
"542",2.22375398936403,0,2015,"Ish Smith"
"319",2.19397034402834,0,2015,"Chris Kaman"
"345",2.16521489228826,0,2015,"David Lee"
"532",2.10453762059983,0,2015,"Alexey Shved"
"390",2.05244399982716,0,2015,"Andre Miller"
"102",2.0507397363966,0,2015,"Michael Carter-Williams"
"425",1.92934863547553,0,2015,"Jameer Nelson"
"103",1.82526019230496,0,2015,"Michael Carter-Williams"
"30",1.77252284631914,0,2015,"D.J. Augustin"
"179",1.77227765401893,0,2015,"Monta Ellis"
"443",1.70769710785828,0,2015,"Jannero Pargo"
"549",1.66433019856454,0,2015,"Josh Smith"
"554",1.59753073365518,0,2015,"Marreese Speights"
"530",1.54424853860682,0,2015,"Alexey Shved"
"595",1.53436062670022,0,2015,"Beno Udrih"
"561",1.52170036124857,0,2015,"Amar'e Stoudemire"
"573",1.50977237929971,0,2015,"Isaiah Thomas"
"562",1.46624897313627,0,2015,"Amar'e Stoudemire"
"540",1.46044352122093,0,2015,"Ish Smith"
"564",1.44347351422476,0,2015,"Rodney Stuckey"
"629",1.42662339643119,0,2015,"Mo Williams"
"359",1.42418076211691,0,2015,"John Lucas"
"441",1.3687802070132,0,2015,"Zaza Pachulia"
"563",1.36665097167019,0,2015,"Amar'e Stoudemire"
"285",1.36384177800852,0,2015,"Jarrett Jack"
"367",1.32964065535017,0,2015,"Kevin Martin"
"486",1.32461554506627,0,2015,"Shavlik Randolph"
"555",1.30932095520393,0,2015,"Tiago Splitter"
"428",1.27397231915488,1,2015,"Joakim Noah"
"18",1.26916915409315,0,2015,"Chris Andersen"
"167",1.26336204532149,1,2015,"Goran Dragic"
"490",1.24738135111076,0,2015,"Jason Richardson"
"552",1.23988353303693,0,2015,"Russ Smith"
"120",1.20010729985335,0,2015,"Darren Collison"
"611",1.19835364635532,0,2015,"C.J. Watson"
"644",1.18613995904239,0,2015,"Tony Wroten"
"271",1.18232222432752,0,2015,"Jrue Holiday"
"426",1.16726268085263,0,2015,"Jameer Nelson"
"511",1.16202695757719,0,2015,"Ricky Rubio"
"104",1.16156383850777,0,2015,"Michael Carter-Williams"
"308",1.12259764516819,0,2015,"Joe Johnson"
"471",1.11918281262648,0,2015,"A.J. Price"
"36",1.11555782549938,0,2015,"J.J. Barea"
"506",1.0724482837827,0,2015,"Rajon Rondo"
"37",1.03984272450396,0,2015,"Andrea Bargnani"
"165",1.03629901569685,1,2015,"Goran Dragic"
"229",1.03246640411161,0,2015,"Draymond Green"
"401",1.02744852207833,0,2015,"Nikola Mirotic"
"599",1.02085057404574,0,2015,"Charlie Villanueva"
"52",1.00944904347496,0,2015,"Jerrelle Benimon"
"320",1.00333013963083,0,2015,"Enes Kanter"
"467",0.983695073405202,0,2015,"Dwight Powell"
"518",0.971378608316712,0,2015,"Dennis Schroder"
"44",0.95077436204096,0,2015,"Brandon Bass"
"68",0.927975975894993,0,2015,"Carlos Boozer"
"597",0.922634139218941,0,2015,"Anderson Varejao"
"65",0.919260397138899,0,2015,"Andrew Bogut"
"322",0.918983976166633,0,2015,"Enes Kanter"
"215",0.906087793485844,1,2015,"Paul George"
"264",0.891678998507252,0,2015,"Roy Hibbert"
"453",0.872491821214755,0,2015,"Nikola Pekovic"
"525",0.85987540725666,0,2015,"Ramon Sessions"
"157",0.844639483104166,0,2015,"Luol Deng"
"480",0.838742225452403,0,2015,"Tayshaun Prince"
"29",0.829870127403658,0,2015,"D.J. Augustin"
"505",0.822604213651113,0,2015,"Thomas Robinson"
"235",0.809490544451335,0,2015,"Jeff Green"
"189",0.797771038796036,0,2015,"Kenneth Faried"
"266",0.784820679450672,0,2015,"Nene Hilario"
"537",0.779371764533871,0,2015,"Donald Sloan"
"75",0.771867698212908,0,2015,"Aaron Brooks"
"565",0.770510323782864,0,2015,"Jared Sullinger"
"35",0.746946403678598,0,2015,"Leandro Barbosa"
"228",0.744715931092707,0,2015,"Danny Green"
"422",0.717377140201627,0,2015,"Gary Neal"
"596",0.696752946281441,0,2015,"Jonas Valanciunas"
"28",0.691698421599949,0,2015,"Omer Asik"
"279",0.687771238211023,0,2015,"Kris Humphries"
"502",0.683200334983379,0,2015,"Nate Robinson"
"101",0.678155383698093,0,2015,"Vince Carter"
"192",0.665692217871805,0,2015,"Raymond Felton"
"166",0.659547996664189,1,2015,"Goran Dragic"
"470",0.657341290427631,0,2015,"A.J. Price"
"477",0.647351039656765,0,2015,"Pablo Prigioni"
"413",0.646119308151803,0,2015,"Timofey Mozgov"
"287",0.642336590281292,0,2015,"Reggie Jackson"
"651",0.636515303866339,0,2015,"Tyler Zeller"
"159",0.6279261109779,0,2015,"Boris Diaw"
"402",0.627879091871152,0,2015,"Nazr Mohammed"
"260",0.625504377491586,0,2015,"Brendan Haywood"
"387",0.612026871740076,0,2015,"Gal Mekel"
"10",0.610443111056239,0,2015,"Cole Aldrich"
"203",0.600002328676608,0,2015,"Danilo Gallinari"
"236",0.594408181392436,0,2015,"Jeff Green"
"476",0.580772107325418,0,2015,"Pablo Prigioni"
"472",0.571496402618661,0,2015,"A.J. Price"
"332",0.564857553701465,0,2015,"Kyle Korver"
"639",0.559825625599079,0,2015,"Brandan Wright"
"508",0.558499964895899,0,2015,"Rajon Rondo"
"216",0.557695489426143,0,2015,"Taj Gibson"
"268",0.554339551345006,0,2015,"Jordan Hill"
"231",0.54590603311739,0,2015,"Gerald Green"
"241",0.541124137180256,0,2015,"Jorge Gutierrez"
"199",0.531318023136127,0,2015,"Tim Frazier"
"544",0.53112165730269,0,2015,"J.R. Smith"
"488",0.530342938955749,0,2015,"J.J. Redick"
"368",0.520635515358003,0,2015,"Wesley Matthews"
"478",0.520232396127212,0,2015,"Tayshaun Prince"
"237",0.513961272907098,0,2015,"Jeff Green"
"8",0.511033823443768,0,2015,"Alexis Ajinca"
"74",0.50357341863538,0,2015,"Corey Brewer"
"481",0.502678223142423,0,2015,"Tayshaun Prince"
"521",0.498687024240537,0,2015,"Thabo Sefolosha"
"252",0.497488109047524,0,2015,"Devin Harris"
"501",0.494643668289033,0,2015,"Nate Robinson"
"430",0.491544025890824,0,2015,"Lucas Nogueira"
"185",0.489754036982269,0,2015,"Reggie Evans"
"593",0.48880312262802,0,2015,"Evan Turner"
"353",0.48798386310546,0,2015,"Shaun Livingston"
"569",0.486477089817511,0,2015,"Sebastian Telfair"
"17",0.485040303675894,0,2015,"Lou Amundson"
"45",0.479941760619961,0,2015,"Nicolas Batum"
"219",0.476991550757922,0,2015,"Drew Gooden"
"446",0.475257989771685,0,2015,"Chandler Parsons"
"137",0.462629892998991,0,2015,"Samuel Dalembert"
"500",0.462270698457163,0,2015,"Nate Robinson"
"366",0.459551457477341,0,2015,"Kenyon Martin"
"100",0.455740675751406,0,2015,"DeMarre Carroll"
"475",0.449058825817905,0,2015,"Pablo Prigioni"
"585",0.444333551732176,0,2015,"Marcus Thornton"
"4",0.444006462052394,0,2015,"Jeff Adrien"
"281",0.443783557860819,0,2015,"Andre Iguodala"
"352",0.443347364315171,0,2015,"Jeremy Lin"
"169",0.440849166844266,0,2015,"Zoran Dragic"
"479",0.436834141235402,0,2015,"Tayshaun Prince"
"414",0.43201880228891,0,2015,"Shabazz Muhammad"
"149",0.431126302822275,0,2015,"Ed Davis"
"420",0.429936990220532,0,2015,"Gary Neal"
"182",0.429326449442413,0,2015,"Tyler Ennis"
"523",0.426585464919359,0,2015,"Ramon Sessions"
"458",0.422950269116689,0,2015,"Mason Plumlee"
"421",0.422494694395447,0,2015,"Gary Neal"
"360",0.421778833763522,0,2015,"Shelvin Mack"
"282",0.420001209206928,0,2015,"Ersan Ilyasova"
"13",0.419411166873507,0,2015,"Tony Allen"
"261",0.419077680174544,0,2015,"Gerald Henderson"
"432",0.412236575181384,0,2015,"Steve Novak"
"584",0.410573739641586,0,2015,"Marcus Thornton"
"89",0.406534691848972,0,2015,"Rasual Butler"
"438",0.402116254241325,0,2015,"Victor Oladipo"
"389",0.399341084317082,0,2015,"C.J. Miles"
"255",0.396848361836459,0,2015,"Tobias Harris"
"263",0.396383625736956,0,2015,"John Henson"
"646",0.395185743913882,0,2015,"Nick Young"
"423",0.392993721908913,0,2015,"Jameer Nelson"
"277",0.389520685857699,0,2015,"Lester Hudson"
"649",0.37939359565027,0,2015,"Thaddeus Young"
"440",0.378789766270123,0,2015,"Arinze Onuaku"
"618",0.37851475980905,0,2015,"Shayne Whittington"
"363",0.375183951355965,0,2015,"Shawn Marion"
"21",0.373047541783844,0,2015,"Ryan Anderson"
"15",0.37155871739923,0,2015,"Lou Amundson"
"640",0.371354839421935,0,2015,"Brandan Wright"
"370",0.37021691877149,0,2015,"O.J. Mayo"
"72",0.368699833304738,0,2015,"Corey Brewer"
"520",0.364738901401728,0,2015,"Mike Scott"
"197",0.36335038077456,0,2015,"Tim Frazier"
"115",0.359533917011588,0,2015,"Jordan Clarkson"
"67",0.358027920295057,0,2015,"Trevor Booker"
"198",0.350460576149664,0,2015,"Tim Frazier"
"160",0.347674819356233,0,2015,"Gorgui Dieng"
"280",0.3474298072842,0,2015,"Serge Ibaka"
"571",0.345893571498723,0,2015,"Jason Terry"
"643",0.344804621291145,0,2015,"Dorell Wright"
"163",0.344347797581143,0,2015,"Toney Douglas"
"411",0.343381022578441,0,2015,"Timofey Mozgov"
"559",0.343336755456747,0,2015,"David Stockton"
"43",0.343132163044959,0,2015,"Will Barton"
"424",0.342246047619526,0,2015,"Jameer Nelson"
"355",0.340958085613334,0,2015,"Robin Lopez"
"85",0.336650311325911,0,2015,"Trey Burke"
"265",0.336432482680621,0,2015,"J.J. Hickson"
"94",0.334362248984132,0,2015,"Jose Calderon"
"315",0.333662048075162,0,2015,"Terrence Jones"
"496",0.332682762886047,0,2015,"Brian Roberts"
"579",0.332034338315213,0,2015,"Tyrus Thomas"
"73",0.331551396856934,0,2015,"Corey Brewer"
"321",0.325179900566807,0,2015,"Enes Kanter"
"550",0.322142142586992,0,2015,"Russ Smith"
"541",0.320975697725955,0,2015,"Ish Smith"
"318",0.320053093106758,0,2015,"Cory Joseph"
"408",0.316241970190674,0,2015,"Markieff Morris"
"298",0.301549710883648,0,2015,"Jonas Jerebko"
"125",0.300712038811779,0,2015,"Bryce Cotton"
"154",0.29971512781737,0,2015,"Austin Daye"
"631",0.29893489446093,0,2015,"Reggie Williams"
"398",0.295014001787981,0,2015,"Patty Mills"
"503",0.294516631795377,0,2015,"Thomas Robinson"
"307",0.292008705291608,0,2015,"James Johnson"
"325",0.289650730440557,0,2015,"Michael Kidd-Gilchrist"
"184",0.287696836429504,0,2015,"Jeremy Evans"
"71",0.282980661763796,0,2015,"Elton Brand"
"491",0.28065011574073,0,2015,"Luke Ridnour"
"142",0.280622499256003,0,2015,"Luigi Datome"
"256",0.268466134466033,0,2015,"Udonis Haslem"
"90",0.268435122700976,0,2015,"Dwight Buycks"
"586",0.264797240860964,0,2015,"Marcus Thornton"
"388",0.261741790243314,0,2015,"Khris Middleton"
"61",0.260103067547397,0,2015,"Steve Blake"
"26",0.258989860832701,0,2015,"Trevor Ariza"
"568",0.25417963990688,0,2015,"Mirza Teletovic"
"22",0.254083860802564,0,2015,"Giannis Antetokounmpo"
"336",0.25361812020527,0,2015,"Carl Landry"
"642",0.249639449697154,0,2015,"Brandan Wright"
"592",0.249387051030148,0,2015,"Hedo Turkoglu"
"524",0.249367924991368,0,2015,"Ramon Sessions"
"484",0.249169256616812,0,2015,"Shavlik Randolph"
"111",0.247284813370808,0,2015,"Earl Clark"
"12",0.246888767863681,0,2015,"Lavoy Allen"
"119",0.246263309315008,0,2015,"Norris Cole"
"647",0.245325486318136,0,2015,"Thaddeus Young"
"161",0.245088473997922,0,2015,"Spencer Dinwiddie"
"381",0.244875036329927,0,2015,"JaVale McGee"
"175",0.244000122108764,0,2015,"Mike Dunleavy"
"386",0.242763345340414,0,2015,"Jodie Meeks"
"47",0.242389229892467,0,2015,"Aron Baynes"
"16",0.240049601615563,0,2015,"Lou Amundson"
"222",0.2392000644995,0,2015,"Ben Gordon"
"98",0.238718139644336,0,2015,"Isaiah Canaan"
"105",0.235869250739291,0,2015,"Omri Casspi"
"51",0.234313356230593,0,2015,"Marco Belinelli"
"456",0.232497240385611,0,2015,"Kendrick Perkins"
"533",0.229573789727691,0,2015,"Henry Sims"
"469",0.22914525672453,0,2015,"Phil Pressey"
"50",0.228751025405114,0,2015,"Michael Beasley"
"380",0.225599020828596,0,2015,"JaVale McGee"
"641",0.225531322845866,0,2015,"Brandan Wright"
"32",0.22360951448966,0,2015,"Jeff Ayres"
"41",0.22316718148919,0,2015,"Will Barton"
"153",0.222408690770707,0,2015,"Austin Daye"
"624",0.221055531787027,0,2015,"Elliot Williams"
"144",0.219491965930724,0,2015,"Luigi Datome"
"205",0.215766289462944,0,2015,"Francisco Garcia"
"648",0.215161655119173,0,2015,"Thaddeus Young"
"313",0.214005454566507,0,2015,"James Jones"
"195",0.213209911236526,0,2015,"Randy Foye"
"152",0.21142062036191,0,2015,"Austin Daye"
"86",0.208581598679844,0,2015,"Alec Burks"
"293",0.208462756700266,0,2015,"Richard Jefferson"
"188",0.205766743750116,0,2015,"Festus Ezeli"
"93",0.205528007075424,0,2015,"Nick Calathes"
"317",0.203988215204342,0,2015,"Jerome Jordan"
"196",0.203648948947118,0,2015,"Jamaal Franklin"
"635",0.203247253468169,0,2015,"Jeff Withey"
"545",0.20222893031355,0,2015,"J.R. Smith"
"531",0.201625216242001,0,2015,"Alexey Shved"
"147",0.200571081688732,0,2015,"Brandon Davies"
"66",0.200278011160004,0,2015,"Matt Bonner"
"461",0.199705446789563,0,2015,"Miles Plumlee"
"331",0.198705954847232,0,2015,"Brandon Knight"
"49",0.198394477641344,0,2015,"Bradley Beal"
"429",0.195921693949304,0,2015,"Nerlens Noel"
"127",0.192269728479261,0,2015,"Robert Covington"
"132",0.192182825120534,0,2015,"Jae Crowder"
"240",0.191199223866835,0,2015,"Jorge Gutierrez"
"364",0.187262402286199,0,2015,"Kendall Marshall"
"99",0.18446657702317,0,2015,"Clint Capela"
"171",0.183844737695252,0,2015,"Larry Drew"
"371",0.18326123637139,0,2015,"Luc Mbah"
"327",0.180669300249733,0,2015,"Andrei Kirilenko"
"121",0.180418651243516,0,2015,"Nick Collison"
"333",0.180399854761507,0,2015,"Kosta Koufos"
"335",0.179200855972448,0,2015,"Jeremy Lamb"
"40",0.178065443307867,0,2015,"Earl Barron"
"24",0.177671110270486,0,2015,"Joel Anthony"
"289",0.174628211882326,0,2015,"Bernard James"
"296",0.174456110344589,0,2015,"Jonas Jerebko"
"134",0.173925257273653,0,2015,"Jared Cunningham"
"350",0.17267185588837,0,2015,"Jon Leuer"
"543",0.172254376704477,0,2015,"J.R. Smith"
"517",0.171984407711635,0,2015,"Larry Sanders"
"25",0.170569805992269,0,2015,"Pero Antic"
"124",0.170183941627273,0,2015,"Chris Copeland"
"431",0.170061772548514,0,2015,"Steve Novak"
"258",0.168111351760367,0,2015,"Chuck Hayes"
"485",0.167828959074814,0,2015,"Shavlik Randolph"
"583",0.167108407675834,0,2015,"Tristan Thompson"
"382",0.164941710575166,0,2015,"JaVale McGee"
"234",0.16245363730087,0,2015,"JaMychal Green"
"634",0.16233639156407,0,2015,"Shawne Williams"
"31",0.161994373220867,0,2015,"D.J. Augustin"
"598",0.160181935682631,0,2015,"Greivis Vasquez"
"406",0.159617784237533,0,2015,"Darius Morris"
"412",0.157248917540468,0,2015,"Timofey Mozgov"
"242",0.156935374820117,0,2015,"Jorge Gutierrez"
"247",0.156044271074852,0,2015,"Justin Hamilton"
"604",0.154233320212095,0,2015,"Dion Waiters"
"273",0.153214628213207,0,2015,"Ryan Hollins"
"410",0.151933263906131,0,2015,"Donatas Motiejunas"
"437",0.150453145659902,0,2015,"Kyle O'Quinn"
"418",0.150273372806962,0,2015,"Mike Muscala"
"297",0.148123913682197,0,2015,"Jonas Jerebko"
"379",0.146662073548309,0,2015,"Mitch McGary"
"527",0.146552087083166,0,2015,"Iman Shumpert"
"452",0.144910580901685,0,2015,"Elfrid Payton"
"190",0.144636103216172,0,2015,"Jordan Farmar"
"409",0.144218145884836,0,2015,"Anthony Morrow"
"130",0.142399905710466,0,2015,"Jae Crowder"
"168",0.141064333540504,0,2015,"Zoran Dragic"
"614",0.140704150688328,0,2015,"Martell Webster"
"272",0.140547565441293,0,2015,"Justin Holiday"
"214",0.14003307205596,0,2015,"Alonzo Gee"
"46",0.139972122792945,0,2015,"Jerryd Bayless"
"369",0.139632671772557,0,2015,"Jason Maxiell"
"6",0.139079165965718,0,2015,"Arron Afflalo"
"135",0.138921208584628,0,2015,"Seth Curry"
"385",0.138755034136516,0,2015,"Josh McRoberts"
"96",0.138676227887967,0,2015,"Isaiah Canaan"
"301",0.138623397551976,0,2015,"Grant Jerrett"
"63",0.138542982730146,0,2015,"Vander Blue"
"173",0.137627357497005,0,2015,"Jared Dudley"
"439",0.137035554743357,0,2015,"Kelly Olynyk"
"232",0.135392469778919,0,2015,"JaMychal Green"
"292",0.135185086686253,0,2015,"Cory Jefferson"
"473",0.129999976728412,0,2015,"A.J. Price"
"384",0.129922836065832,0,2015,"Jerel McNeal"
"338",0.129494229610673,0,2015,"Joffrey Lauvergne"
"557",0.129224003513087,0,2015,"Lance Stephenson"
"650",0.128667865197931,0,2015,"Cody Zeller"
"594",0.128359925914776,0,2015,"Ekpe Udoh"
"14",0.128120064353538,0,2015,"Al-Farouq Aminu"
"482",0.12747866181253,0,2015,"Miroslav Raduljica"
"560",0.126950732513509,0,2015,"Jarnell Stokes"
"620",0.126947878207,0,2015,"C.J. Wilcox"
"294",0.125701686464296,0,2015,"John Jenkins"
"200",0.125168036705512,0,2015,"Jimmer Fredette"
"588",0.124107941494726,0,2015,"Anthony Tolliver"
"213",0.124019070555933,0,2015,"Alonzo Gee"
"342",0.123999279824898,0,2015,"Ricky Ledo"
"578",0.123900129078287,0,2015,"Malcolm Thomas"
"114",0.123647887991933,0,2015,"Ian Clark"
"372",0.122272211619933,0,2015,"James Michael"
"141",0.121515839375815,0,2015,"Troy Daniels"
"609",0.120857107749517,0,2015,"Gerald Wallace"
"447",0.120210698677434,0,2015,"Patrick Patterson"
"56",0.119857329803381,0,2015,"Bismack Biyombo"
"238",0.118410151903761,0,2015,"Willie Green"
"116",0.116525222946321,0,2015,"Victor Claver"
"396",0.116011641239768,0,2015,"Quincy Miller"
"427",0.115363343978622,0,2015,"Andrew Nicholson"
"212",0.115177983827196,0,2015,"Alonzo Gee"
"170",0.115062512900462,0,2015,"Zoran Dragic"
"38",0.114303074212139,0,2015,"Harrison Barnes"
"590",0.113599287453707,0,2015,"P.J. Tucker"
"343",0.113396879228073,0,2015,"Ricky Ledo"
"515",0.112881910280149,0,2015,"John Salmons"
"60",0.112504459024721,0,2015,"DeJuan Blair"
"42",0.112361575508023,0,2015,"Will Barton"
"623",0.111227141078308,0,2015,"Elliot Williams"
"299",0.110675715856161,0,2015,"Grant Jerrett"
"504",0.11010358448349,0,2015,"Thomas Robinson"
"444",0.109079138863496,0,2015,"Jabari Parker"
"224",0.108485848917125,0,2015,"Eric Gordon"
"302",0.107580676155347,0,2015,"Amir Johnson"
"373",0.107201472349292,0,2015,"Ray McCallum"
"341",0.106636194211751,0,2015,"Ricky Ledo"
"162",0.104825322514408,0,2015,"Joey Dorsey"
"627",0.104670997745801,0,2015,"Marvin Williams"
"118",0.10442587525117,0,2015,"Norris Cole"
"344",0.103624251935195,0,2015,"Courtney Lee"
"474",0.102330029405107,0,2015,"Ronnie Price"
"201",0.102286417701412,0,2015,"Joel Freeland"
"570",0.101727383222427,0,2015,"Garrett Temple"
"407",0.101256171574626,0,2015,"Marcus Morris"
"150",0.0999367697173213,0,2015,"Glen Davis"
"622",0.0995719676339344,0,2015,"Derrick Williams"
"181",0.0986298330983826,0,2015,"Tyler Ennis"
"300",0.0981006114297237,0,2015,"Grant Jerrett"
"77",0.0969996413326899,0,2015,"Lorenzo Brown"
"374",0.0963534669518497,0,2015,"C.J. McCollum"
"59",0.0958354164092215,0,2015,"Tarik Black"
"123",0.0955441749219179,0,2015,"Jack Cooley"
"417",0.095301833252876,0,2015,"Toure' Murry"
"226",0.0951183883878136,0,2015,"Danny Granger"
"97",0.0946200524976087,0,2015,"Isaiah Canaan"
"140",0.0933954991103821,0,2015,"Troy Daniels"
"459",0.0925730866820282,0,2015,"Miles Plumlee"
"377",0.0925458461757946,0,2015,"K.J. McDaniels"
"415",0.09191271478588,0,2015,"Toure' Murry"
"558",0.0907137318954749,0,2015,"Greg Stiemsma"
"220",0.0904417631295532,0,2015,"Archie Goodwin"
"466",0.0886105288089125,0,2015,"Dwight Powell"
"589",0.0879772759637291,0,2015,"Anthony Tolliver"
"178",0.0873190780044036,0,2015,"Wayne Ellington"
"312",0.0867114760123128,0,2015,"Dahntay Jones"
"365",0.0866222798627884,0,2015,"Cartier Martin"
"110",0.0863129522559178,0,2015,"Patrick Christopher"
"395",0.0857381741974853,0,2015,"Quincy Miller"
"522",0.0855914668859992,0,2015,"Kevin Seraphin"
"416",0.0847122283628882,0,2015,"Toure' Murry"
"145",0.0843575763953016,0,2015,"Brandon Davies"
"117",0.0843361033329236,0,2015,"Norris Cole"
"146",0.0843296300419807,0,2015,"Brandon Davies"
"334",0.0839011812473101,0,2015,"Ognjen Kuzmic"
"600",0.0830024830641074,0,2015,"Noah Vonleh"
"108",0.0826285974914761,0,2015,"Wilson Chandler"
"183",0.0824814311089003,0,2015,"Tyler Ennis"
"349",0.0819411978592446,0,2015,"Meyers Leonard"
"223",0.0816764905988139,0,2015,"Drew Gordon"
"310",0.0813517405971893,0,2015,"Tyler Johnson"
"546",0.0813200299499546,0,2015,"Jason Smith"
"638",0.0811507665833075,0,2015,"Nate Wolters"
"248",0.0805098302038827,0,2015,"Tyler Hansbrough"
"625",0.0803141229259062,0,2015,"Elliot Williams"
"7",0.0792735228606509,0,2015,"Arron Afflalo"
"468",0.0790548293974569,0,2015,"Dwight Powell"
"87",0.0787820582359647,0,2015,"Caron Butler"
"81",0.0787086134928462,0,2015,"Chase Budinger"
"433",0.0786241261841064,0,2015,"Steve Novak"
"230",0.0781094692804453,0,2015,"Erick Green"
"326",0.077827963996688,0,2015,"Sean Kilpatrick"
"109",0.0776848386782421,0,2015,"Will Cherry"
"435",0.0774251152913019,0,2015,"Jusuf Nurkic"
"460",0.0769811644120962,0,2015,"Miles Plumlee"
"245",0.0752069959554313,0,2015,"Justin Hamilton"
"361",0.0740744812436348,0,2015,"Ian Mahinmi"
"54",0.0735471432506443,0,2015,"Patrick Beverley"
"2",0.0734976462378241,0,2015,"Jordan Adams"
"106",0.0732659609095974,0,2015,"Mario Chalmers"
"27",0.0711395070628349,0,2015,"Darrell Arthur"
"551",0.0700091764056457,0,2015,"Russ Smith"
"305",0.0689559853618272,0,2015,"Chris Johnson"
"249",0.068410957100126,0,2015,"Tim Hardaway"
"193",0.0679900702074986,0,2015,"Landry Fields"
"566",0.0677741457372979,0,2015,"Jeffery Taylor"
"455",0.0668956699883374,0,2015,"Kendrick Perkins"
"605",0.0667787077128263,0,2015,"Dion Waiters"
"394",0.0664180901476044,0,2015,"Mike Miller"
"138",0.0658691698457784,0,2015,"Troy Daniels"
"274",0.0658487578694808,0,2015,"Rodney Hood"
"450",0.0654040420827601,0,2015,"Adreian Payne"
"397",0.065302407820986,0,2015,"Quincy Miller"
"619",0.0649319870605148,0,2015,"Andrew Wiggins"
"244",0.0648640391878902,0,2015,"Jordan Hamilton"
"76",0.0633201970278842,0,2015,"Jabari Brown"
"204",0.0631140272401528,0,2015,"Langston Galloway"
"587",0.0627822181521542,0,2015,"Anthony Tolliver"
"233",0.0625801832779108,0,2015,"JaMychal Green"
"399",0.0624339516740078,0,2015,"Elijah Millsap"
"591",0.0623819686270012,0,2015,"Ronny Turiaf"
"5",0.0618933003354769,0,2015,"Arron Afflalo"
"39",0.0618872465153119,0,2015,"Matt Barnes"
"528",0.0617785553200644,0,2015,"Iman Shumpert"
"257",0.0611482190016715,0,2015,"Spencer Hawes"
"513",0.061081687193023,0,2015,"Brandon Rush"
"603",0.0607267645792524,0,2015,"Dion Waiters"
"20",0.0606309222781979,0,2015,"Kyle Anderson"
"177",0.0593233201377405,0,2015,"Cleanthony Early"
"131",0.0587087892082977,0,2015,"Jae Crowder"
"139",0.0584457946020241,0,2015,"Troy Daniels"
"19",0.0583982923430089,0,2015,"Alan Anderson"
"164",0.058306955069618,0,2015,"Chris Douglas-Roberts"
"404",0.0579732038909858,0,2015,"E'Twaun Moore"
"576",0.0573610548118866,0,2015,"Lance Thomas"
"57",0.0566839610513604,0,2015,"Tarik Black"
"304",0.0558252110546353,0,2015,"Chris Johnson"
"180",0.0557123682789344,0,2015,"James Ennis"
"633",0.0556947250174134,0,2015,"Shawne Williams"
"155",0.0556149380701348,0,2015,"Dewayne Dedmon"
"79",0.054984473022607,0,2015,"Shannon Brown"
"494",0.0548224429923532,0,2015,"Austin Rivers"
"48",0.0547428774583813,0,2015,"Kent Bazemore"
"493",0.0545572844263928,0,2015,"Austin Rivers"
"419",0.0542580357036775,0,2015,"Shabazz Napier"
"53",0.053352660635925,0,2015,"Anthony Bennett"
"613",0.0533288473800659,0,2015,"Travis Wear"
"112",0.0531837656725126,0,2015,"Ian Clark"
"606",0.0528214470602992,0,2015,"Henry Walker"
"442",0.0515017579384614,0,2015,"Kostas Papanikolaou"
"3",0.050355992923019,0,2015,"Steven Adams"
"270",0.0503020553875405,0,2015,"Kirk Hinrich"
"243",0.0498453988397346,0,2015,"P.J. Hairston"
"58",0.0497747095543485,0,2015,"Tarik Black"
"362",0.0490869025383803,0,2015,"Devyn Marble"
"612",0.048957170644913,0,2015,"David Wear"
"194",0.0488177458096661,0,2015,"Evan Fournier"
"113",0.0483003865678535,0,2015,"Ian Clark"
"526",0.0481125884334283,0,2015,"Iman Shumpert"
"454",0.0480468716038245,0,2015,"Kendrick Perkins"
"489",0.0478837599782255,0,2015,"Glen Rice"
"92",0.0477151219330552,0,2015,"Bruno Caboclo"
"376",0.0475208911394292,0,2015,"K.J. McDaniels"
"375",0.0467883020308115,0,2015,"K.J. McDaniels"
"632",0.0464141483094212,0,2015,"Shawne Williams"
"636",0.0451824012804962,0,2015,"Nate Wolters"
"610",0.0450987898953824,0,2015,"T.J. Warren"
"499",0.0450473088665763,0,2015,"Glenn Robinson"
"577",0.0446931084987388,0,2015,"Lance Thomas"
"463",0.0443057541999098,0,2015,"Quincy Pondexter"
"1",0.0441360764639246,0,2015,"Quincy Acy"
"328",0.043891258123785,0,2015,"Alex Kirk"
"303",0.0436510815333907,0,2015,"Chris Johnson"
"378",0.0432130080331976,0,2015,"Doug McDermott"
"514",0.0428970061269924,0,2015,"Robert Sacre"
"283",0.0420201765699843,0,2015,"Joe Ingles"
"78",0.0419115504412856,0,2015,"Markel Brown"
"70",0.0418558184235113,0,2015,"Avery Bradley"
"465",0.0410559663029025,0,2015,"Otto Porter"
"64",0.0406168442799211,0,2015,"Bojan Bogdanovic"
"637",0.040608448582366,0,2015,"Nate Wolters"
"306",0.0394814345085136,0,2015,"Chris Johnson"
"246",0.0393906588002316,0,2015,"Justin Hamilton"
"464",0.0377357122905963,0,2015,"Quincy Pondexter"
"269",0.0374101395325319,0,2015,"Solomon Hill"
"497",0.0371319006468433,0,2015,"Glenn Robinson"
"323",0.0368713492518458,0,2015,"Sergey Karasev"
"309",0.0367065238861052,0,2015,"Nick Johnson"
"83",0.0366015431158349,0,2015,"Reggie Bullock"
"9",0.0365537280091313,0,2015,"Furkan Aldemir"
"33",0.0359960736291622,0,2015,"Luke Babbitt"
"539",0.0334170977120625,0,2015,"Greg Smith"
"151",0.0331148597066472,0,2015,"Andre Dawkins"
"436",0.0323425426007959,0,2015,"Johnny O'Bryant"
"311",0.032225238809576,0,2015,"Wesley Johnson"
"498",0.0319316935116427,0,2015,"Glenn Robinson"
"451",0.0315976917458034,0,2015,"Adreian Payne"
"512",0.0315827904403732,0,2015,"Damjan Rudez"
"535",0.030836603162597,0,2015,"Kyle Singler"
"347",0.0307188859985034,0,2015,"Alex Len"
"492",0.0304823625849933,0,2015,"Austin Rivers"
"449",0.0299779630401888,0,2015,"Adreian Payne"
"553",0.0294579291901307,0,2015,"Tony Snell"
"202",0.0294009374004578,0,2015,"Channing Frye"
"339",0.0289616947377319,0,2015,"Zach LaVine"
"221",0.0286954036330849,0,2015,"Aaron Gordon"
"82",0.0285697217683819,0,2015,"Reggie Bullock"
"314",0.0280669241082918,0,2015,"Perry Jones"
"645",0.0278210036928282,0,2015,"James Young"
"536",0.0276781133536537,0,2015,"Kyle Singler"
"278",0.0275478105461115,0,2015,"Robbie Hummel"
"516",0.0264597751311764,0,2015,"JaKarr Sampson"
"262",0.0260300742435009,0,2015,"Xavier Henry"
"575",0.0259925178239115,0,2015,"Lance Thomas"
"581",0.0251108449019784,0,2015,"Jason Thompson"
"580",0.0248299819862869,0,2015,"Hollis Thompson"
"538",0.0246787557418892,0,2015,"Marcus Smart"
"84",0.023763724189338,0,2015,"Reggie Bullock"
"227",0.0230397003756113,0,2015,"Jerami Grant"
"34",0.0229458852570312,0,2015,"Cameron Bairstow"
"510",0.0228896133440093,0,2015,"Terrence Ross"
"95",0.0228412953931944,0,2015,"Kentavious Caldwell-Pope"
"133",0.0224990906268261,0,2015,"Dante Cunningham"
"462",0.0217097123823299,0,2015,"Quincy Pondexter"
"128",0.0193545594883576,0,2015,"Allen Crabbe"
"346",0.0185736907934639,0,2015,"Malcolm Lee"
"156",0.0184887079965681,0,2015,"Matthew Dellavedova"
"324",0.0181206608994618,0,2015,"Ryan Kelly"
"254",0.0180678174158284,0,2015,"Joe Harris"
"251",0.0180438450728627,0,2015,"Maurice Harkless"
"337",0.0148413199760835,0,2015,"Shane Larkin"
"534",0.0134311420330434,0,2015,"Kyle Singler"
"393",0.0127833584670711,0,2015,"Darius Miller"
"495",0.0126800532131713,0,2015,"Andre Roberson"
"358",0.011961565190865,0,2015,"Kalin Lucas"
"556",0.0103234229635499,0,2015,"Nik Stauskas"
"253",0.0101108872666336,0,2015,"Gary Harris"
"483",0.00839402478486904,0,2015,"Julius Randle"
"383",0.00470463454002859,0,2015,"Ben McLemore"
"187",0.00313636399665184,0,2015,"Dante Exum"
"5541",98.6107282307991,1,2016,"Russell Westbrook"
"2651",97.8548297537298,1,2016,"LeBron James"
"1171",97.7667418694547,1,2016,"Stephen Curry"
"2061",93.7970113181282,1,2016,"James Harden"
"1381",93.5183491812717,0,2016,"Kevin Durant"
"4221",88.1552710321916,1,2016,"Chris Paul"
"1731",66.0707517196429,1,2016,"Pau Gasol"
"5411",53.7589715895246,0,2016,"Dwyane Wade"
"1071",52.9989987818246,1,2016,"DeMarcus Cousins"
"3231",51.6324080046511,0,2016,"Kawhi Leonard"
"5111",51.5169922483634,0,2016,"Isaiah Thomas"
"3331",46.9048584429918,0,2016,"Kyle Lowry"
"3261",45.404440040583,0,2016,"Damian Lillard"
"5441",43.4808149601252,0,2016,"John Wall"
"3761",42.9221882244748,0,2016,"Paul Millsap"
"1271",41.0463971265692,0,2016,"DeMar DeRozan"
"5431",39.7534252038437,0,2016,"Kemba Walker"
"710",38.5556564245877,1,2016,"LaMarcus Aldridge"
"1761",31.507700369687,0,2016,"Paul George"
"2310",29.693965647037,0,2016,"Carmelo Anthony"
"5551",27.4267906038246,0,2016,"Hassan Whiteside"
"2931",25.2535342432701,1,2016,"DeAndre Jordan"
"781",22.5674186920497,0,2016,"Jimmy Butler"
"1191",22.3415161414496,1,2016,"Anthony Davis"
"1891",17.0032802570589,0,2016,"Draymond Green"
"1331",16.8703904892602,0,2016,"Andre Drummond"
"4061",16.0732455132523,0,2016,"Dirk Nowitzki"
"5491",14.2939226069113,0,2016,"Briante Weber"
"2641",13.202663890063,0,2016,"Reggie Jackson"
"3321",12.9078275146241,0,2016,"Kevin Love"
"1361",12.8670527000234,1,2016,"Tim Duncan"
"6210",11.5704917830328,0,2016,"Chris Bosh"
"2461",11.5337974167933,0,2016,"Al Horford"
"1981",10.9879798718715,1,2016,"Blake Griffin"
"5071",9.74658144499957,0,2016,"Jeff Teague"
"1781",9.41566796251315,0,2016,"Manu Ginobili"
"2201",8.13712347313689,0,2016,"Gordon Hayward"
"3791",7.49034340541639,0,2016,"Greg Monroe"
"701",7.44140398549653,0,2016,"Kobe Bryant"
"4181",6.93652525069751,0,2016,"Tony Parker"
"3301",6.79291885210087,0,2016,"Brook Lopez"
"4441",6.1611265116242,0,2016,"Zach Randolph"
"4561",5.63358171598718,0,2016,"Rajon Rondo"
"1011",5.38727177959325,0,2016,"Mike Conley"
"2471",5.1009912858675,0,2016,"Dwight Howard"
"1691",4.70510938553928,0,2016,"Danilo Gallinari"
"2361",4.62061015459861,0,2016,"Jrue Holiday"
"1531",4.56093542500974,0,2016,"Derrick Favors"
"1721",4.26796244455079,1,2016,"Marc Gasol"
"5391",4.26345063073038,0,2016,"Nikola Vucevic"
"1841",4.1056613612318,0,2016,"Marcin Gortat"
"2621",4.10479403953684,1,2016,"Kyrie Irving"
"5610",3.86977791566615,0,2016,"Eric Bledsoe"
"4210",3.59226529582195,0,2016,"Nicolas Batum"
"5531",3.36436102798193,0,2016,"David West"
"2971",3.31626737392049,0,2016,"Enes Kanter"
"5241",3.18036934556038,0,2016,"Karl-Anthony Towns"
"3401",3.16961654401422,0,2016,"Boban Marjanovic"
"3191",2.98650686014305,0,2016,"David Lee"
"3211",2.91023007393851,0,2016,"David Lee"
"2661",2.69775553219122,0,2016,"Al Jefferson"
"5171",2.69057311056786,1,2016,"Klay Thompson"
"3721",2.44095047014329,0,2016,"Andre Miller"
"1101",2.37079566258053,0,2016,"Jamal Crawford"
"3091",2.3087633185402,0,2016,"Carl Landry"
"2521",2.30385084297749,0,2016,"Kris Humphries"
"2631",2.29765828334907,0,2016,"Jarrett Jack"
"1491",2.1873793182001,0,2016,"Tyreke Evans"
"4731",2.1723890943038,0,2016,"Ramon Sessions"
"3201",2.1510631078697,0,2016,"David Lee"
"5631",2.09930832544279,0,2016,"Lou Williams"
"5291",2.0918892769009,0,2016,"Beno Udrih"
"4811",2.0901455512343,0,2016,"Ish Smith"
"3361",2.04120411044896,0,2016,"Shelvin Mack"
"3701",2.02709125111197,0,2016,"Andre Miller"
"4601",2.02073853057242,0,2016,"Ricky Rubio"
"3711",1.96871943815817,0,2016,"Andre Miller"
"4681",1.92943598801368,0,2016,"Dennis Schroder"
"4831",1.92035928622308,0,2016,"Ish Smith"
"3610",1.91515234581949,0,2016,"J.J. Barea"
"4151",1.89997937067946,0,2016,"Zaza Pachulia"
"5311",1.88739840649317,0,2016,"Jonas Valanciunas"
"4911",1.8624929613256,0,2016,"Marreese Speights"
"1410",1.85960105274078,0,2016,"Chris Andersen"
"4821",1.77860832988437,0,2016,"Ish Smith"
"4710",1.74634253607135,0,2016,"Michael Beasley"
"1621",1.72254804235025,0,2016,"Tim Frazier"
"1511",1.71570125448235,0,2016,"Kenneth Faried"
"5641",1.68628219114429,0,2016,"Marvin Williams"
"2281",1.59737905849808,0,2016,"Nene Hilario"
"3531",1.56218743235702,0,2016,"C.J. McCollum"
"5601",1.56202165929384,0,2016,"Deron Williams"
"1651",1.54758740714641,0,2016,"Jimmer Fredette"
"3110",1.53036829623422,0,2016,"D.J. Augustin"
"4571",1.47253915786844,0,2016,"Derrick Rose"
"6410",1.46649791875785,0,2016,"Elton Brand"
"2110",1.45098029796085,0,2016,"Giannis Antetokounmpo"
"921",1.42032408683299,0,2016,"Mario Chalmers"
"1711",1.33282167074771,0,2016,"Kevin Garnett"
"1421",1.30437529847535,0,2016,"Monta Ellis"
"1321",1.27579554182464,0,2016,"Goran Dragic"
"1281",1.24906728900777,0,2016,"Boris Diaw"
"5051",1.23678123547508,0,2016,"Jared Sullinger"
"2100",1.19245535516997,0,2016,"Jordan Adams"
"901",1.18652331742112,0,2016,"Mario Chalmers"
"2010",1.18506800548615,0,2016,"Ryan Anderson"
"5651",1.14019696328472,0,2016,"Mo Williams"
"4451",1.11331661454397,0,2016,"J.J. Redick"
"4010",1.11081065750669,0,2016,"Will Barton"
"1991",1.10939037116613,0,2016,"Jorge Gutierrez"
"4001",1.10503895812819,0,2016,"Joakim Noah"
"1261",1.10431199003366,0,2016,"Luol Deng"
"5611",1.09683342909943,0,2016,"Derrick Williams"
"2271",1.08257037861345,0,2016,"J.J. Hickson"
"1791",1.08177445474067,0,2016,"Rudy Gobert"
"4871",1.07584273423339,0,2016,"Josh Smith"
"5591",1.07233468255508,0,2016,"Alan Williams"
"5261",1.04128163327413,0,2016,"Evan Turner"
"4381",1.03057166728743,0,2016,"Phil Pressey"
"5031",1.00444005474625,0,2016,"Amar'e Stoudemire"
"2951",0.995619174691656,0,2016,"Chris Kaman"
"861",0.966782587298914,0,2016,"Vince Carter"
"2811",0.937955475050169,0,2016,"Joe Johnson"
"652",0.916264012038312,0,2016,"Cole Aldrich"
"2881",0.893452405890749,0,2016,"Nikola Jokic"
"4410",0.87943016803525,0,2016,"Aron Baynes"
"4041",0.849872422909749,0,2016,"Steve Novak"
"3781",0.842423317337743,0,2016,"Nazr Mohammed"
"2251",0.838523099017283,0,2016,"J.J. Hickson"
"2301",0.835496978026039,0,2016,"Jordan Hill"
"4121",0.834308495533673,0,2016,"Victor Oladipo"
"4961",0.812118791740698,0,2016,"Lance Stephenson"
"3311",0.783363329402552,0,2016,"Robin Lopez"
"3151",0.780393999171862,0,2016,"Ty Lawson"
"961",0.779630226872056,0,2016,"Coty Clarke"
"5211",0.776670851851141,0,2016,"Marcus Thornton"
"2741",0.774708466775552,0,2016,"Brandon Jennings"
"4301",0.772255729407383,0,2016,"Mason Plumlee"
"791",0.759187331914775,0,2016,"Rasual Butler"
"3351",0.751996812283414,0,2016,"Shelvin Mack"
"3271",0.749627966518917,0,2016,"Jeremy Lin"
"3741",0.747344859857854,0,2016,"Patty Mills"
"5571",0.709395333517446,0,2016,"Andrew Wiggins"
"4191",0.698756384459593,0,2016,"Chandler Parsons"
"5041",0.695817531135075,0,2016,"Rodney Stuckey"
"5081",0.695708744998854,0,2016,"Mirza Teletovic"
"5761",0.690816310706479,0,2016,"Thaddeus Young"
"3381",0.690784585950503,0,2016,"Ian Mahinmi"
"1741",0.690709763021898,0,2016,"Rudy Gay"
"1310",0.686583624619586,0,2016,"Chris Andersen"
"2171",0.678859666391722,0,2016,"Udonis Haslem"
"1681",0.67057650338603,0,2016,"Channing Frye"
"2721",0.670047137888067,0,2016,"Brandon Jennings"
"3051",0.661717432171212,0,2016,"Brandon Knight"
"5510",0.661312287182741,0,2016,"Steve Blake"
"5371",0.644892025193837,0,2016,"Charlie Villanueva"
"2210",0.640154909943588,0,2016,"Thanasis Antetokounmpo"
"2261",0.634541693869182,0,2016,"J.J. Hickson"
"931",0.631370221488419,0,2016,"Tyson Chandler"
"5331",0.622383466582987,0,2016,"Anderson Varejao"
"4101",0.620045793113688,0,2016,"Kyle O'Quinn"
"4511",0.616148036073574,0,2016,"Brian Roberts"
"991",0.610915080366933,0,2016,"Darren Collison"
"2131",0.607098251050769,0,2016,"Tobias Harris"
"1510",0.605309051755978,0,2016,"Chris Andersen"
"3591",0.605133892826976,0,2016,"JaVale McGee"
"3681",0.596679525057477,0,2016,"Khris Middleton"
"5341",0.577641688152824,0,2016,"Anderson Varejao"
"3631",0.571434689383691,0,2016,"Jordan McRae"
"5711",0.570038274986329,0,2016,"Delon Wright"
"2531",0.570029560411034,0,2016,"Kris Humphries"
"4341",0.570009974407743,0,2016,"Kristaps Porzingis"
"3371",0.569236283939002,0,2016,"Shelvin Mack"
"1501",0.565489658944872,0,2016,"Festus Ezeli"
"2351",0.562046268026651,0,2016,"Kirk Hinrich"
"4501",0.557870050660325,0,2016,"Brian Roberts"
"681",0.557711664782746,0,2016,"Lorenzo Brown"
"4781",0.557329966047997,0,2016,"Donald Sloan"
"2191",0.545398739609141,0,2016,"Chuck Hayes"
"5721",0.543312560648028,0,2016,"Tony Wroten"
"5810",0.53824965169769,0,2016,"Andrew Bogut"
"4691",0.534393635491703,0,2016,"Luis Scola"
"4521",0.528862671698575,0,2016,"Brian Roberts"
"4891",0.524282771883833,0,2016,"Russ Smith"
"4411",0.520342217993711,0,2016,"Pablo Prigioni"
"3441",0.519051251351643,0,2016,"Kevin Martin"
"1601",0.516279538240396,0,2016,"Tim Frazier"
"5321",0.515015857279413,0,2016,"Anderson Varejao"
"5191",0.509156429898785,0,2016,"Marcus Thornton"
"5281",0.504342274014449,0,2016,"Beno Udrih"
"2151",0.503339641140997,0,2016,"Tobias Harris"
"1801",0.502470708788246,0,2016,"Drew Gooden"
"2731",0.501934594458879,0,2016,"Brandon Jennings"
"4371",0.495397576318113,0,2016,"Phil Pressey"
"761",0.490573189533338,0,2016,"Alec Burks"
"1201",0.486640244864822,0,2016,"Ed Davis"
"5151",0.486467759952373,0,2016,"Jason Thompson"
"2501",0.48595333709068,0,2016,"Kris Humphries"
"2910",0.485208221734465,0,2016,"D.J. Augustin"
"5910",0.482182420415746,0,2016,"Matt Bonner"
"4861",0.476024094266292,0,2016,"Josh Smith"
"3431",0.474072506075514,0,2016,"Kevin Martin"
"771",0.471755262541979,0,2016,"Caron Butler"
"661",0.47164229772611,0,2016,"Aaron Brooks"
"1771",0.468456149612431,0,2016,"Taj Gibson"
"5301",0.463741251402104,0,2016,"Beno Udrih"
"5201",0.455581384468224,0,2016,"Marcus Thornton"
"3251",0.455480665485879,0,2016,"Jon Leuer"
"1111",0.455438361185443,0,2016,"Jae Crowder"
"4991",0.454813265008462,0,2016,"Alex Stepheson"
"3651",0.448632545562701,0,2016,"Jodie Meeks"
"911",0.445837888915214,0,2016,"Mario Chalmers"
"1291",0.442677088667653,0,2016,"Gorgui Dieng"
"2891",0.442075945429381,0,2016,"Dahntay Jones"
"4071",0.438366879397658,0,2016,"Jusuf Nurkic"
"1521",0.429673045643549,0,2016,"Jordan Farmar"
"2561",0.424504241277674,0,2016,"Andre Iguodala"
"2481",0.420626397945884,0,2016,"Marcelo Huertas"
"3451",0.419503147816258,0,2016,"Kevin Martin"
"1551",0.41756764919516,0,2016,"Raymond Felton"
"3961",0.407557134029475,0,2016,"Gary Neal"
"2291",0.404750796455171,0,2016,"George Hill"
"5741",0.402729984279913,0,2016,"Joe Young"
"3611",0.400855907309812,0,2016,"Jordan McRae"
"1961",0.400229399324232,0,2016,"Jeff Green"
"1610",0.395984192335172,0,2016,"Alan Anderson"
"5781",0.394544906377729,0,2016,"Tyler Zeller"
"2511",0.386241617084754,0,2016,"Kris Humphries"
"4881",0.384257338721335,0,2016,"Josh Smith"
"3771",0.382935047380278,0,2016,"Nikola Mirotic"
"4110",0.376390418050881,0,2016,"Brandon Bass"
"3281",0.372095008622143,0,2016,"Shaun Livingston"
"2761",0.368223422732988,0,2016,"Amir Johnson"
"2101",0.366803279945103,0,2016,"Devin Harris"
"4610",0.365861656997451,0,2016,"Bradley Beal"
"751",0.363977691235936,0,2016,"Trey Burke"
"3041",0.362047761512123,0,2016,"Sean Kilpatrick"
"4711",0.357186803112751,0,2016,"Thabo Sefolosha"
"4031",0.355267456975829,0,2016,"Steve Novak"
"2901",0.352717818452316,0,2016,"James Jones"
"5351",0.352431384142538,0,2016,"Greivis Vasquez"
"3081",0.350166754616259,0,2016,"Jeremy Lamb"
"4510",0.350052079018536,0,2016,"Kent Bazemore"
"3851",0.349734648986684,0,2016,"Markieff Morris"
"4281",0.342467394703004,0,2016,"Paul Pierce"
"3971",0.341479777403707,0,2016,"Jameer Nelson"
"3661",0.334003567108715,0,2016,"Salah Mejri"
"4131",0.333073604373545,0,2016,"Kelly Olynyk"
"1311",0.323474769015807,0,2016,"Toney Douglas"
"3991",0.322119161956155,0,2016,"Andrew Nicholson"
"5181",0.320274592787623,0,2016,"Tristan Thompson"
"3541",0.315345205745,0,2016,"T.J. McConnell"
"1821",0.314652722272243,0,2016,"Aaron Gordon"
"4721",0.31391606736485,0,2016,"Kevin Seraphin"
"3691",0.312947534516848,0,2016,"C.J. Miles"
"1210",0.312398565807859,0,2016,"Lou Amundson"
"1851",0.310496627187016,0,2016,"Andrew Goudelock"
"3861",0.310190934816559,0,2016,"Markieff Morris"
"5691",0.309465075420045,0,2016,"Metta World"
"2221",0.308290906294435,0,2016,"John Henson"
"4921",0.308066600245543,0,2016,"Tiago Splitter"
"2141",0.305221876933556,0,2016,"Tobias Harris"
"4251",0.303865502820997,0,2016,"Elfrid Payton"
"1951",0.303730140060501,0,2016,"Jeff Green"
"871",0.301384853635925,0,2016,"Michael Carter-Williams"
"2211",0.301325621359419,0,2016,"Gerald Henderson"
"3510",0.300549457091006,0,2016,"Leandro Barbosa"
"2031",0.30031393760893,0,2016,"Jordan Hamilton"
"2181",0.299589634731501,0,2016,"Spencer Hawes"
"2581",0.299529858006334,0,2016,"Ersan Ilyasova"
"4971",0.299285796876316,0,2016,"Alex Stepheson"
"2591",0.297982089608262,0,2016,"Ersan Ilyasova"
"1971",0.292571194454559,0,2016,"Jeff Green"
"2571",0.291119370898542,0,2016,"Ersan Ilyasova"
"2791",0.289253277016159,0,2016,"Joe Johnson"
"5141",0.288820422754707,0,2016,"Jason Thompson"
"4111",0.282082703993839,0,2016,"Jahlil Okafor"
"811",0.280459961488194,0,2016,"Jose Calderon"
"2801",0.276691163434023,0,2016,"Joe Johnson"
"4351",0.276434587696006,0,2016,"Dwight Powell"
"4851",0.275419974336144,0,2016,"Jason Smith"
"3710",0.273702683174783,0,2016,"Andrea Bargnani"
"3021",0.273555015921286,0,2016,"Sean Kilpatrick"
"4551",0.272031403374714,0,2016,"Thomas Robinson"
"3831",0.271047345838497,0,2016,"Marcus Morris"
"5101",0.267920993404025,0,2016,"Jason Terry"
"4461",0.265938096366569,0,2016,"Willie Reed"
"5401",0.263122590118997,0,2016,"Sasha Vujacic"
"5701",0.261234427069874,0,2016,"Brandan Wright"
"6110",0.259988464232886,0,2016,"Trevor Booker"
"4701",0.259478127430538,0,2016,"Mike Scott"
"1661",0.256211353971964,0,2016,"Channing Frye"
"3910",0.254173202986216,0,2016,"Matt Barnes"
"5161",0.25398014002781,0,2016,"Jason Thompson"
"4261",0.248074640726864,0,2016,"Nikola Pekovic"
"5671",0.245950312972023,0,2016,"Jeff Withey"
"1451",0.24590356043699,0,2016,"James Ennis"
"4311",0.239870872446445,0,2016,"Miles Plumlee"
"3621",0.23976933075233,0,2016,"Jordan McRae"
"3410",0.239388527392639,0,2016,"Cameron Bairstow"
"3751",0.235703048449042,0,2016,"Elijah Millsap"
"1671",0.234660919790252,0,2016,"Channing Frye"
"2991",0.233313410178007,0,2016,"Sasha Kaun"
"3911",0.230577847430284,0,2016,"Shabazz Muhammad"
"3891",0.229973936941328,0,2016,"Timofey Mozgov"
"1371",0.22938266035867,0,2016,"Mike Dunleavy"
"1010",0.228186829873281,0,2016,"Tony Allen"
"5021",0.226192525811248,0,2016,"Jarnell Stokes"
"1541",0.222194037492897,0,2016,"Cristiano Felicio"
"3641",0.21959200539017,0,2016,"Josh McRoberts"
"2671",0.218992443012898,0,2016,"Cory Jefferson"
"1221",0.217586212287393,0,2016,"Dewayne Dedmon"
"5100",0.216578814514342,0,2016,"Alexis Ajinca"
"4391",0.216481137910895,0,2016,"Phil Pressey"
"2041",0.212750596967792,0,2016,"Tyler Hansbrough"
"981",0.211630015559518,0,2016,"Norris Cole"
"851",0.210419493153588,0,2016,"DeMarre Carroll"
"5771",0.208559948646684,0,2016,"Cody Zeller"
"2551",0.208465960669183,0,2016,"Serge Ibaka"
"3111",0.207742599779556,0,2016,"Joffrey Lauvergne"
"4011",0.206921976938597,0,2016,"Nerlens Noel"
"2331",0.204062889972544,0,2016,"Kirk Hinrich"
"1431",0.203423541697788,0,2016,"James Ennis"
"3841",0.202878035156975,0,2016,"Markieff Morris"
"2341",0.2007121122994,0,2016,"Kirk Hinrich"
"2451",0.200689243461063,0,2016,"Rodney Hood"
"3731",0.198098660682873,0,2016,"Mike Miller"
"841",0.197745688679683,0,2016,"Clint Capela"
"1461",0.197675410697943,0,2016,"James Ennis"
"2121",0.193848511320546,0,2016,"Joe Harris"
"4941",0.185780503012095,0,2016,"Lance Stephenson"
"3951",0.185298496598379,0,2016,"Shabazz Napier"
"4761",0.184579053468886,0,2016,"Henry Sims"
"881",0.182987945470044,0,2016,"Omri Casspi"
"1031",0.18274525584963,0,2016,"Chris Copeland"
"1910",0.174625198432305,0,2016,"Kyle Anderson"
"5461",0.173306978758868,0,2016,"C.J. Watson"
"2410",0.171046986174972,0,2016,"Joel Anthony"
"1881",0.170735727416795,0,2016,"Danny Green"
"3881",0.17061071595013,0,2016,"Donatas Motiejunas"
"3011",0.169374440074092,0,2016,"Michael Kidd-Gilchrist"
"1831",0.169276367929524,0,2016,"Eric Gordon"
"1401",0.168298362393073,0,2016,"Jarell Eddie"
"5561",0.166374530302752,0,2016,"Shayne Whittington"
"721",0.166059270773516,0,2016,"Chase Budinger"
"3181",0.163661296056447,0,2016,"Courtney Lee"
"1301",0.163399567385628,0,2016,"Spencer Dinwiddie"
"3491",0.162072744041551,0,2016,"James Michael"
"4621",0.158844479097079,0,2016,"Brandon Rush"
"2911",0.158505369429622,0,2016,"Terrence Jones"
"2391",0.158347263596903,0,2016,"Justin Holiday"
"2610",0.157597200575276,0,2016,"Trevor Ariza"
"5061",0.155062724393355,0,2016,"Walter Tavares"
"1581",0.15482793695911,0,2016,"Randy Foye"
"5110",0.154566761564804,0,2016,"Bismack Biyombo"
"1161",0.153116930141311,0,2016,"Seth Curry"
"3001",0.151518083759473,0,2016,"Ryan Kelly"
"1591",0.150801141586504,0,2016,"Randy Foye"
"2941",0.149713181316746,0,2016,"Cory Joseph"
"1811",0.149128482852498,0,2016,"Archie Goodwin"
"1631",0.148964645009033,0,2016,"Jimmer Fredette"
"3210",0.147984032797749,0,2016,"Jeff Ayres"
"2711",0.147695068560426,0,2016,"John Jenkins"
"5581",0.14763699374872,0,2016,"C.J. Wilcox"
"3581",0.147138767137387,0,2016,"Mitch McGary"
"2781",0.147043556655679,0,2016,"James Johnson"
"2421",0.145342022549534,0,2016,"Ryan Hollins"
"4241",0.144997570223732,0,2016,"Cameron Payne"
"5001",0.144910386303102,0,2016,"Jarnell Stokes"
"951",0.144023474973325,0,2016,"Ian Clark"
"1001",0.143739324811375,0,2016,"Nick Collison"
"6310",0.143736026015448,0,2016,"Avery Bradley"
"1181",0.141692538671014,0,2016,"Troy Daniels"
"4751",0.140429213030582,0,2016,"Jonathon Simmons"
"3131",0.139963810597276,0,2016,"Ty Lawson"
"3521",0.139811328111357,0,2016,"Ray McCallum"
"3411",0.139768352020412,0,2016,"Kendall Marshall"
"3511",0.13791953639233,0,2016,"Ray McCallum"
"1941",0.137676601705901,0,2016,"JaMychal Green"
"3101",0.135605323849376,0,2016,"Shane Larkin"
"2681",0.132189139585595,0,2016,"Richard Jefferson"
"1110",0.13174929752932,0,2016,"Al-Farouq Aminu"
"2831",0.130656269259427,0,2016,"Orlando Johnson"
"1481",0.130349528109801,0,2016,"Jeremy Evans"
"4331",0.128638813629553,0,2016,"Bobby Portis"
"2401",0.128533455479268,0,2016,"Ryan Hollins"
"4051",0.127538336829603,0,2016,"Steve Novak"
"5271",0.127058906081658,0,2016,"Myles Turner"
"1931",0.125459926916993,0,2016,"Gerald Green"
"711",0.12454968943039,0,2016,"Chase Budinger"
"3501",0.123156479075355,0,2016,"Ray McCallum"
"3010",0.123146895466001,0,2016,"D.J. Augustin"
"2861",0.123133412467708,0,2016,"Tyler Johnson"
"2961",0.122907736512117,0,2016,"Frank Kaminsky"
"1871",0.122605424303185,0,2016,"Jerian Grant"
"5221",0.121886689176898,0,2016,"Anthony Tolliver"
"4841",0.121517903054744,0,2016,"J.R. Smith"
"3061",0.12065070081262,0,2016,"Kyle Korver"
"4431",0.120531385762015,0,2016,"Julius Randle"
"3171",0.119810370084539,0,2016,"Courtney Lee"
"3901",0.119306354081942,0,2016,"Emmanuel Mudiay"
"3921",0.117719503345688,0,2016,"Xavier Munford"
"5751",0.117687633404403,0,2016,"Nick Young"
"3931",0.117015065760839,0,2016,"Mike Muscala"
"3871",0.11530607789808,0,2016,"Anthony Morrow"
"5681",0.114929928374057,0,2016,"Christian Wood"
"2810",0.114554326272293,0,2016,"Omer Asik"
"3141",0.113049620184567,0,2016,"Ty Lawson"
"5521",0.11154323558916,0,2016,"Sonny Weems"
"4910",0.110932515452725,0,2016,"Anthony Bennett"
"4810",0.110507563865269,0,2016,"Marco Belinelli"
"4361",0.110495012039265,0,2016,"Norman Powell"
"4310",0.110183334820059,0,2016,"Jerryd Bayless"
"2691",0.109240644711256,0,2016,"John Jenkins"
"910",0.108793536404301,0,2016,"Lavoy Allen"
"1021",0.108212346710499,0,2016,"Pat Connaughton"
"3071",0.108174824137722,0,2016,"Kosta Koufos"
"5410",0.10703515753524,0,2016,"DeJuan Blair"
"1921",0.106596344355809,0,2016,"Erick Green"
"3310",0.105006672086299,0,2016,"Luke Babbitt"
"1611",0.10421691949522,0,2016,"Tim Frazier"
"3291",0.103413277992754,0,2016,"Kevon Looney"
"3671",0.103098909661123,0,2016,"Jordan Mickey"
"2751",0.102609551695037,0,2016,"Jonas Jerebko"
"2321",0.102341909913451,0,2016,"Darrun Hilliard"
"4171",0.101775310318795,0,2016,"Jabari Parker"
"4321",0.101549167021925,0,2016,"Otto Porter"
"2701",0.100118662670517,0,2016,"John Jenkins"
"1810",0.0998692734728241,0,2016,"Justin Anderson"
"731",0.0987779265661237,0,2016,"Chase Budinger"
"971",0.0978708765599073,0,2016,"Jordan Clarkson"
"4291",0.0969288797409511,0,2016,"Tibor Pleiss"
"4271",0.0967982534521454,0,2016,"Kendrick Perkins"
"3221",0.0959342772542761,0,2016,"Alex Len"
"4100",0.0954029323550387,0,2016,"Arron Afflalo"
"2311",0.0952703967722894,0,2016,"Solomon Hill"
"1901",0.0951124830444018,0,2016,"Erick Green"
"1251",0.0947524883183571,0,2016,"Matthew Dellavedova"
"1561",0.0944248272651055,0,2016,"Evan Fournier"
"5471",0.0929643442983415,0,2016,"Briante Weber"
"3161",0.0918103748132694,0,2016,"Courtney Lee"
"4641",0.0897467709436673,0,2016,"Robert Sacre"
"2371",0.0891064544117868,0,2016,"Justin Holiday"
"1151",0.0882079828000481,0,2016,"Jared Cunningham"
"2821",0.0877311117967819,0,2016,"Orlando Johnson"
"5451",0.087372789373365,0,2016,"T.J. Warren"
"3810",0.086799954224921,0,2016,"Harrison Barnes"
"2051",0.0864396354094037,0,2016,"Tim Hardaway"
"5481",0.0860110719776838,0,2016,"Briante Weber"
"2441",0.0859362521185641,0,2016,"Richaun Holmes"
"1081",0.085826496171765,0,2016,"Robert Covington"
"5511",0.0848643723865147,0,2016,"Sonny Weems"
"691",0.0845554710876459,0,2016,"Markel Brown"
"3421",0.0831796212015445,0,2016,"Jarell Martin"
"2601",0.0829324381985608,0,2016,"Joe Ingles"
"2921",0.0824054108154974,0,2016,"Tyus Jones"
"2431",0.0816716095232627,0,2016,"Rondae Hollis-Jefferson"
"4531",0.0814554013739668,0,2016,"Glenn Robinson"
"1571",0.0799804924486795,0,2016,"Randy Foye"
"821",0.0798203745616808,0,2016,"Kentavious Caldwell-Pope"
"3801",0.079773272962176,0,2016,"Luis Montero"
"2411",0.0787656059184785,0,2016,"Ryan Hollins"
"4591",0.0774798673848959,0,2016,"Terry Rozier"
"5621",0.0771553101112487,0,2016,"Elliot Williams"
"4631",0.0767752107585014,0,2016,"D'Angelo Russell"
"3100",0.0763323389818505,0,2016,"Steven Adams"
"3121",0.0760132556789263,0,2016,"Zach LaVine"
"741",0.0753891015806594,0,2016,"Reggie Bullock"
"5310",0.075272595325239,0,2016,"Tarik Black"
"3561",0.074338706918587,0,2016,"K.J. McDaniels"
"4951",0.0740183148516454,0,2016,"Lance Stephenson"
"1231",0.0736659479461634,0,2016,"Bryce Dejean-Jones"
"941",0.0731043860063439,0,2016,"Rakeem Christmas"
"1341",0.0723805292658097,0,2016,"Jared Dudley"
"1351",0.0714144456677944,0,2016,"Duje Dukan"
"1100",0.0710073256784529,0,2016,"Quincy Acy"
"3031",0.0702360957163318,0,2016,"Sean Kilpatrick"
"2841",0.070185173913214,0,2016,"Orlando Johnson"
"2710",0.0698279995902049,0,2016,"Darrell Arthur"
"5501",0.0696507306918813,0,2016,"Sonny Weems"
"4401",0.0691662404305734,0,2016,"Ronnie Price"
"1471",0.0687489793095488,0,2016,"Tyler Ennis"
"4581",0.0684344148019411,0,2016,"Terrence Ross"
"4021",0.067300699401104,0,2016,"Lucas Nogueira"
"4791",0.0666922570641961,0,2016,"Marcus Smart"
"3811",0.0665400137547276,0,2016,"E'Twaun Moore"
"1411",0.0662779260587642,0,2016,"Wayne Ellington"
"653",0.065032076847454,0,2016,"Corey Brewer"
"1861",0.0649723364006393,0,2016,"Jerami Grant"
"891",0.0647751397952237,0,2016,"Willie Cauley-Stein"
"2381",0.0639603398928281,0,2016,"Justin Holiday"
"4231",0.0616547562760265,0,2016,"Adreian Payne"
"3461",0.0611586087343736,0,2016,"Wesley Matthews"
"3341",0.0611469716309037,0,2016,"Trey Lyles"
"4541",0.061089593176101,0,2016,"Nate Robinson"
"2071",0.0610007907321458,0,2016,"Maurice Harkless"
"5251",0.0603331829651652,0,2016,"P.J. Tucker"
"2611",0.0602661474811981,0,2016,"Damien Inglis"
"1641",0.0599002638155457,0,2016,"Jimmer Fredette"
"1061",0.0585819882790741,0,2016,"Bryce Cotton"
"4161",0.0581043454578511,0,2016,"Kostas Papanikolaou"
"1911",0.0579738857686368,0,2016,"Erick Green"
"2091",0.0578613861852771,0,2016,"Montrezl Harrell"
"2871",0.0576754293349252,0,2016,"Wesley Johnson"
"5010",0.05716060547354,0,2016,"Patrick Beverley"
"4801",0.0555943626863286,0,2016,"Greg Smith"
"3391",0.0555343893210982,0,2016,"Devyn Marble"
"5121",0.0551641236892376,0,2016,"Lance Thomas"
"1701",0.0550041108148877,0,2016,"Langston Galloway"
"4611",0.0548912288528692,0,2016,"Damjan Rudez"
"1391",0.0545339347846943,0,2016,"Cleanthony Early"
"831",0.0538889527802048,0,2016,"Isaiah Canaan"
"1141",0.052978230233288,0,2016,"Jared Cunningham"
"3981",0.0517966000029403,0,2016,"Raul Neto"
"2491",0.0514398653812583,0,2016,"Josh Huestis"
"2081",0.0511448965611477,0,2016,"Justin Harper"
"1131",0.051140087564088,0,2016,"Jared Cunningham"
"2021",0.0507194080012955,0,2016,"P.J. Hairston"
"4201",0.0499745983416617,0,2016,"Lamar Patterson"
"3821",0.0489197678304368,0,2016,"Eric Moreland"
"4481",0.048353477927308,0,2016,"Austin Rivers"
"4211",0.0477219522322912,0,2016,"Patrick Patterson"
"3471",0.0475164567454459,0,2016,"O.J. Mayo"
"5210",0.0471286617748569,0,2016,"Nemanja Bjelica"
"2981",0.0468424352783883,0,2016,"Sergey Karasev"
"4981",0.0436384329983435,0,2016,"Alex Stepheson"
"5421",0.0423891220982989,0,2016,"Dion Waiters"
"2771",0.0420155752775001,0,2016,"Chris Johnson"
"2541",0.0419965388046275,0,2016,"R.J. Hunter"
"5710",0.0414452515595917,0,2016,"Bojan Bogdanovic"
"3551",0.0412476804621373,0,2016,"Chris McCullough"
"3241",0.0406648367621028,0,2016,"Meyers Leonard"
"4421",0.0404437893408956,0,2016,"Tayshaun Prince"
"4661",0.0398109483872647,0,2016,"JaKarr Sampson"
"1041",0.039661550234139,0,2016,"Bryce Cotton"
"4741",0.0392873543616135,0,2016,"Iman Shumpert"
"2510",0.0376539200222857,0,2016,"Keith Appling"
"1710",0.0372745900958446,0,2016,"James Anderson"
"1051",0.0365089433188699,0,2016,"Bryce Cotton"
"3941",0.0356892208192284,0,2016,"Larry Nance"
"5091",0.0342359895190642,0,2016,"Garrett Temple"
"4471",0.0327790526914388,0,2016,"Josh Richardson"
"2241",0.0309625716435748,0,2016,"Roy Hibbert"
"6010",0.0308716764009255,0,2016,"Devin Booker"
"2161",0.0308230662990151,0,2016,"Aaron Harrison"
"5011",0.0303651487111546,0,2016,"Jarnell Stokes"
"3571",0.0302792380175193,0,2016,"Doug McDermott"
"810",0.0298136573054837,0,2016,"Cliff Alexander"
"2111",0.0289081705602819,0,2016,"Gary Harris"
"4671",0.0279412297678047,0,2016,"JaKarr Sampson"
"4081",0.0277086910697578,0,2016,"J.J. O'Brien"
"5231",0.0271607755536403,0,2016,"Axel Toupane"
"3481",0.0263355376343394,0,2016,"Luc Mbah"
"4141",0.0226259374684505,0,2016,"Kelly Oubre"
"1091",0.0220974015409224,0,2016,"Allen Crabbe"
"2011",0.0219692420300404,0,2016,"P.J. Hairston"
"4931",0.0209807072287568,0,2016,"Nik Stauskas"
"2851",0.0191934459309773,0,2016,"Stanley Johnson"
"4771",0.0189051583290747,0,2016,"Kyle Singler"
"4901",0.0185368037231134,0,2016,"Tony Snell"
"1441",0.0178657816832814,0,2016,"James Ennis"
"2231",0.0177325052136474,0,2016,"Mario Hezonja"
"4491",0.0176910241022061,0,2016,"Andre Roberson"
"4651",0.0175168056959102,0,2016,"JaKarr Sampson"
"1211",0.0173373352989097,0,2016,"Branden Dawson"
"671",0.0168430541716371,0,2016,"Anthony Brown"
"4091",0.0166191874996833,0,2016,"Johnny O'Bryant"
"5731",0.0158850983782235,0,2016,"James Young"
"2001",0.0143148469143993,0,2016,"P.J. Hairston"
"801",0.0138394484672791,0,2016,"Bruno Caboclo"
"3601",0.0138283083498458,0,2016,"Ben McLemore"
"1241",0.0135413317548183,0,2016,"Sam Dekker"
"5381",0.0112671256471932,0,2016,"Noah Vonleh"
"1121",0.0109034536343816,0,2016,"Dante Cunningham"
"1751",0.0106640558758399,0,2016,"Alonzo Gee"
"5131",0.0098920380030804,0,2016,"Hollis Thompson"
"5661",0.00714792202102604,0,2016,"Justise Winslow"
"5361",0.00521199808250458,0,2016,"Rashad Vaughn"
"5592",99.9735176837662,1,2017,"Russell Westbrook"
"2112",99.6863280390961,0,2017,"James Harden"
"2702",98.0491725170422,1,2017,"LeBron James"
"802",90.1243671971597,0,2017,"Jimmy Butler"
"1232",88.8463857112703,0,2017,"Anthony Davis"
"3192",86.6231306311673,1,2017,"Kawhi Leonard"
"5172",86.0466081154567,0,2017,"Isaiah Thomas"
"5512",85.1270242282852,0,2017,"John Wall"
"1442",83.5691500199538,1,2017,"Kevin Durant"
"1112",77.2794418178664,1,2017,"DeMarcus Cousins"
"1212",73.4099531560172,1,2017,"Stephen Curry"
"1312",71.9331556907793,0,2017,"DeMar DeRozan"
"2012",69.9559887905438,0,2017,"Giannis Antetokounmpo"
"4272",67.7731635625348,1,2017,"Chris Paul"
"3262",62.3317479354845,1,2017,"Damian Lillard"
"1062",47.2510630777977,0,2017,"Mike Conley"
"1782",36.4641858078581,0,2017,"Marc Gasol"
"5302",34.9781101151861,0,2017,"Karl-Anthony Towns"
"2262",32.7272653869099,0,2017,"Gordon Hayward"
"5502",30.6843570711513,0,2017,"Kemba Walker"
"2072",30.0876794360947,0,2017,"Blake Griffin"
"3342",29.362909914158,1,2017,"Kyle Lowry"
"1792",25.075077640621,0,2017,"Pau Gasol"
"5622",24.7718430656255,0,2017,"Hassan Whiteside"
"1902",24.2904910897571,0,2017,"Rudy Gobert"
"5482",24.173781143496,0,2017,"Dwyane Wade"
"5722",22.649161825799,0,2017,"Lou Williams"
"2652",21.0568161337177,0,2017,"Kyrie Irving"
"2502",19.8477946141489,0,2017,"Dwight Howard"
"5732",19.2643177131302,0,2017,"Lou Williams"
"4552",18.6966106998145,0,2017,"Zach Randolph"
"5132",17.148688520692,0,2017,"Jeff Teague"
"2942",16.8343824882905,1,2017,"DeAndre Jordan"
"5513",16.2818925298863,0,2017,"Eric Bledsoe"
"1372",15.3952905852738,0,2017,"Goran Dragic"
"3722",14.8000569939359,0,2017,"Paul Millsap"
"3332",13.9592729381934,0,2017,"Kevin Love"
"912",13.0884187783043,1,2017,"LaMarcus Aldridge"
"2852",12.532644356506,0,2017,"Nikola Jokic"
"3112",9.23412831552194,0,2017,"J.J. Barea"
"1132",8.3405959052982,1,2017,"DeMarcus Cousins"
"3312",7.83923911812649,0,2017,"Brook Lopez"
"2862",7.77442007525506,0,2017,"Dahntay Jones"
"4042",7.73842815081703,0,2017,"Dirk Nowitzki"
"1832",6.86556936250803,1,2017,"Paul George"
"2113",6.72455216156656,0,2017,"Carmelo Anthony"
"1382",6.57683560100521,1,2017,"Andre Drummond"
"1492",6.28232506317605,0,2017,"Joel Embiid"
"3812",6.26953889883606,0,2017,"Nicolas Batum"
"2482",6.24667848490408,0,2017,"Al Horford"
"5462",4.75933398661931,0,2017,"Nikola Vucevic"
"3272",4.75590488935185,0,2017,"Jeremy Lin"
"3742",4.5888377263683,0,2017,"Greg Monroe"
"2032",4.47519291998614,1,2017,"Draymond Green"
"2972",4.38768146440959,0,2017,"Enes Kanter"
"2392",4.34908344352782,0,2017,"George Hill"
"3412",3.87008872393601,0,2017,"Boban Marjanovic"
"4802",3.67601447482957,0,2017,"Dennis Schroder"
"2432",3.63382792136623,0,2017,"Jrue Holiday"
"1892",3.52070452833969,0,2017,"Manu Ginobili"
"5582",3.51347590739666,0,2017,"David West"
"3172",3.42809639918684,0,2017,"David Lee"
"5362",3.38459695492277,0,2017,"Beno Udrih"
"4672",3.16949982633566,0,2017,"Derrick Rose"
"5672",2.969744022591,0,2017,"Deron Williams"
"4212",2.92390119010919,0,2017,"Bradley Beal"
"3482",2.80829876099781,0,2017,"C.J. McCollum"
"2792",2.64766346698914,0,2017,"Brice Johnson"
"5222",2.55479416376747,1,2017,"Klay Thompson"
"1552",2.46854291809966,0,2017,"Tyreke Evans"
"732",2.40058577921907,0,2017,"Anthony Brown"
"2712",2.38627933671512,0,2017,"Al Jefferson"
"2802",2.37721505847934,0,2017,"James Johnson"
"3592",2.22176650155938,0,2017,"JaVale McGee"
"1732",2.21292666501094,0,2017,"Danilo Gallinari"
"4232",2.10361354111781,0,2017,"Tony Parker"
"1802",1.98780455004567,0,2017,"Rudy Gay"
"4372",1.9296534132197,0,2017,"Mason Plumlee"
"1542",1.7592837394158,0,2017,"Tyreke Evans"
"2182",1.74120696619694,0,2017,"Manny Harris"
"4362",1.64410164865192,0,2017,"Mason Plumlee"
"4722",1.6197590697588,0,2017,"Ricky Rubio"
"2382",1.55684489039529,0,2017,"Nene Hilario"
"3912",1.55652152310079,0,2017,"Jerryd Bayless"
"4942",1.54354777970266,0,2017,"Ish Smith"
"5742",1.53523988126147,0,2017,"Lou Williams"
"5662",1.5272324898775,0,2017,"Deron Williams"
"4322",1.41328993622505,0,2017,"Elfrid Payton"
"4662",1.4007898975232,0,2017,"Rajon Rondo"
"4072",1.35505230616511,0,2017,"Jusuf Nurkic"
"4992",1.31673158944822,0,2017,"Tiago Splitter"
"2582",1.30380365534274,0,2017,"Andre Iguodala"
"1592",1.29885984102601,0,2017,"Jordan Farmar"
"4812",1.28433264086196,0,2017,"Luis Scola"
"5392",1.27949055549005,0,2017,"Jonas Valanciunas"
"2682",1.26449902508849,0,2017,"Pierre Jackson"
"2252",1.25789073872672,0,2017,"Spencer Hawes"
"1582",1.23292550601696,0,2017,"Kenneth Faried"
"4202",1.21346787553272,0,2017,"Zaza Pachulia"
"3142",1.15945869825033,0,2017,"Ty Lawson"
"4222",1.11475389780898,0,2017,"Jabari Parker"
"2812",1.0965749426896,0,2017,"Joe Johnson"
"1162",1.0846134164995,0,2017,"Jamal Crawford"
"5632",1.06331720041236,0,2017,"Andrew Wiggins"
"2192",1.05305759146501,0,2017,"Tobias Harris"
"2922",0.997613841071866,0,2017,"Terrence Jones"
"1172",0.99505359008914,0,2017,"Jordan Crawford"
"2152",0.985562698076451,0,2017,"Devin Harris"
"3712",0.981259296955642,0,2017,"Brandon Bass"
"2512",0.975140667834707,0,2017,"Marcelo Huertas"
"2492",0.974005186336694,0,2017,"Danuel House"
"2692",0.964430653394094,0,2017,"Reggie Jackson"
"3702",0.96384861676114,0,2017,"Patty Mills"
"3692",0.953948712020571,0,2017,"Mike Miller"
"4122",0.953480181480028,0,2017,"Kyle O'Quinn"
"5492",0.947623038525291,0,2017,"Dion Waiters"
"1562",0.946705585659561,0,2017,"Tyreke Evans"
"4412",0.93098962292288,0,2017,"Michael Beasley"
"5841",0.914682774903504,0,2017,"Metta World"
"1962",0.910913970905438,0,2017,"Marcin Gortat"
"1872",0.873551743188512,0,2017,"Taj Gibson"
"2902",0.85944195202324,0,2017,"Terrence Jones"
"832",0.847013359874282,0,2017,"Jose Calderon"
"2912",0.836583211864086,0,2017,"Terrence Jones"
"4882",0.83548143026588,0,2017,"Ramon Sessions"
"1313",0.829093018130786,0,2017,"Chris Andersen"
"2612",0.828684878859244,0,2017,"Ersan Ilyasova"
"962",0.82444391848245,0,2017,"Tyson Chandler"
"1862",0.805703002586485,0,2017,"Taj Gibson"
"872",0.795923836358784,0,2017,"Clint Capela"
"3212",0.791670090753668,0,2017,"Harrison Barnes"
"6411",0.755459166727264,0,2017,"Trevor Booker"
"2232",0.751420186123881,0,2017,"Spencer Hawes"
"1852",0.745449277059797,0,2017,"Jonathan Gibson"
"4052",0.737819111858557,0,2017,"Jusuf Nurkic"
"3512",0.73553233790312,0,2017,"Matt Barnes"
"892",0.732248062295166,0,2017,"Vince Carter"
"2102",0.732140603253687,0,2017,"Tim Hardaway"
"4562",0.722401567923013,0,2017,"J.J. Redick"
"742",0.713718797348055,0,2017,"Bobby Brown"
"2832",0.701644536181082,0,2017,"Tyler Johnson"
"3292",0.700322117264811,0,2017,"Shawn Long"
"1042",0.69561718551121,0,2017,"Darren Collison"
"2532",0.691914162940726,0,2017,"Kris Humphries"
"3612",0.691754192337601,0,2017,"Will Barton"
"5682",0.672551844223769,0,2017,"Deron Williams"
"5052",0.649106226592079,0,2017,"Jarnell Stokes"
"842",0.647076105816014,0,2017,"Jose Calderon"
"3082",0.643494993701015,0,2017,"Jeremy Lamb"
"4982",0.628960255475854,0,2017,"Marreese Speights"
"4652",0.624470368621099,0,2017,"Sergio Rodriguez"
"822",0.624427536132592,0,2017,"Jose Calderon"
"1052",0.622255375922566,0,2017,"Nick Collison"
"2592",0.621486731339945,0,2017,"Ersan Ilyasova"
"2242",0.6134927626927,0,2017,"Spencer Hawes"
"2222",0.604786977147231,0,2017,"Udonis Haslem"
"5042",0.596840553957325,0,2017,"Lance Stephenson"
"1113",0.580173143800247,0,2017,"Tony Allen"
"1722",0.577325758242141,0,2017,"Channing Frye"
"3982",0.573956124292114,0,2017,"Joakim Noah"
"1422",0.573649575831557,0,2017,"Mike Dunleavy"
"2042",0.563027533685098,0,2017,"Gerald Green"
"972",0.561175255433933,0,2017,"Wilson Chandler"
"2562",0.558180131071601,0,2017,"Serge Ibaka"
"5072",0.553221098923214,0,2017,"Rodney Stuckey"
"4342",0.549202751535838,0,2017,"Paul Pierce"
"5752",0.538996923747474,0,2017,"Marvin Williams"
"5881",0.531843367357522,0,2017,"Joe Young"
"1602",0.506375980686219,0,2017,"Derrick Favors"
"3002",0.504701552483291,0,2017,"Sean Kilpatrick"
"2622",0.497974000945547,0,2017,"Ersan Ilyasova"
"2302",0.496767392185969,0,2017,"Willy Hernangomez"
"2672",0.495468427784111,0,2017,"Demetrius Jackson"
"4512",0.484138242763011,0,2017,"Marco Belinelli"
"3322",0.482189245504276,0,2017,"Robin Lopez"
"5422",0.479616995380533,0,2017,"Anderson Varejao"
"2762",0.475479937317389,0,2017,"Brandon Jennings"
"5352",0.47540824506317,0,2017,"Myles Turner"
"1362",0.470303624086,0,2017,"Toney Douglas"
"4112",0.468140784083108,0,2017,"Johnny O'Bryant"
"5652",0.461975797334404,0,2017,"Alan Williams"
"4642",0.457608193464347,0,2017,"Thomas Robinson"
"4622",0.448702681566505,0,2017,"Brian Roberts"
"3032",0.447313843135748,0,2017,"Kyle Korver"
"1882",0.445536362788376,0,2017,"Taj Gibson"
"3413",0.437143138903596,0,2017,"Matt Barnes"
"2752",0.436621505152769,0,2017,"Brandon Jennings"
"4752",0.432269902730378,0,2017,"D'Angelo Russell"
"2552",0.425109455548583,0,2017,"Serge Ibaka"
"4382",0.422894560104046,0,2017,"Mason Plumlee"
"682",0.420492572387169,0,2017,"Corey Brewer"
"5472",0.410635119638736,0,2017,"Sasha Vujacic"
"3732",0.408777099235214,0,2017,"Nikola Mirotic"
"2522",0.404057587126403,0,2017,"Josh Huestis"
"3012",0.402775578459634,0,2017,"Leandro Barbosa"
"3672",0.397527090711405,0,2017,"Khris Middleton"
"1182",0.382766403142098,0,2017,"Jae Crowder"
"1952",0.374225035338268,0,2017,"Eric Gordon"
"2742",0.371119043950495,0,2017,"Brandon Jennings"
"3632",0.367849957789378,0,2017,"Josh McRoberts"
"3122",0.365812994084308,0,2017,"Joffrey Lauvergne"
"6011",0.364905888807549,0,2017,"Andrew Bogut"
"1332",0.359308235924797,0,2017,"Boris Diaw"
"4832",0.356066692155854,0,2017,"Thabo Sefolosha"
"3492",0.355292517228603,0,2017,"T.J. McConnell"
"5911",0.354814676705419,0,2017,"Andrew Bogut"
"5022",0.35475621662116,0,2017,"Lance Stephenson"
"4542",0.351059381320552,0,2017,"Julius Randle"
"5102",0.346247486253155,0,2017,"Steven Adams"
"1402",0.340817185510478,0,2017,"Mike Dunleavy"
"2312",0.340470513148313,0,2017,"Trevor Ariza"
"3042",0.338801227595618,0,2017,"Kyle Korver"
"4282",0.3360828026456,0,2017,"Adreian Payne"
"2342",0.335664841195849,0,2017,"Roy Hibbert"
"1932",0.334693637055952,0,2017,"Archie Goodwin"
"3892",0.328296505431476,0,2017,"Shabazz Napier"
"3992",0.326033694921752,0,2017,"Nerlens Noel"
"3313",0.323868572248644,0,2017,"Matt Barnes"
"5012",0.316037422249576,0,2017,"Lance Stephenson"
"1262",0.315274264643972,0,2017,"Dewayne Dedmon"
"5851",0.313891839223534,0,2017,"Brandan Wright"
"4062",0.313549624592704,0,2017,"Jusuf Nurkic"
"4452",0.312772765336739,0,2017,"Kristaps Porzingis"
"6211",0.309848872441179,0,2017,"Joel Bolomboy"
"4782",0.309845413472579,0,2017,"Dario Saric"
"3642",0.308337242682679,0,2017,"Jodie Meeks"
"1412",0.305401228575005,0,2017,"Mike Dunleavy"
"3352",0.304218171970984,0,2017,"John Lucas"
"4462",0.303459414645398,0,2017,"Dwight Powell"
"654",0.301373371184115,0,2017,"Avery Bradley"
"5901",0.297335328701528,0,2017,"Thaddeus Young"
"2212",0.297260244203786,0,2017,"Joel Anthony"
"3022",0.29253135780294,0,2017,"Kyle Korver"
"3013",0.291936916121116,0,2017,"Brandon Knight"
"1712",0.288359047487603,0,2017,"Tim Frazier"
"1032",0.28681243700013,0,2017,"Norris Cole"
"5811",0.285015057514318,0,2017,"Bojan Bogdanovic"
"2892",0.283227488779645,0,2017,"James Jones"
"4252",0.281795896683004,0,2017,"Lamar Patterson"
"1612",0.281429104094647,0,2017,"Justin Anderson"
"2462",0.280240314775353,0,2017,"Richaun Holmes"
"792",0.277603503187584,0,2017,"Alec Burks"
"922",0.276855061772868,0,2017,"Omri Casspi"
"4012",0.276587571420311,0,2017,"Nerlens Noel"
"5232",0.275462654703546,0,2017,"Tristan Thompson"
"692",0.273874084429597,0,2017,"Malcolm Brogdon"
"3213",0.272742463599504,0,2017,"Jon Leuer"
"1912",0.271134057549205,0,2017,"Archie Goodwin"
"4502",0.267626503394472,0,2017,"Tim Quarterman"
"3802",0.267570704340741,0,2017,"Anthony Morrow"
"2572",0.256644872143132,0,2017,"Serge Ibaka"
"1202",0.256201959531707,0,2017,"Seth Curry"
"5712",0.255390222898701,0,2017,"Bojan Bogdanovic"
"702",0.253350432009651,0,2017,"Aaron Brooks"
"2613",0.253053239242545,0,2017,"D.J. Augustin"
"1632",0.252546870685771,0,2017,"Raymond Felton"
"4872",0.250898052878842,0,2017,"Kevin Seraphin"
"5921",0.244385937469782,0,2017,"Tyler Zeller"
"4152",0.241633151790797,0,2017,"Victor Oladipo"
"3762",0.241364926733974,0,2017,"Marcus Morris"
"4572",0.241073981779807,0,2017,"Willie Reed"
"5612",0.23787835901435,0,2017,"Bojan Bogdanovic"
"4002",0.23670999571155,0,2017,"Nerlens Noel"
"5103",0.236385835828121,0,2017,"Edy Tavares"
"2132",0.235808621316007,0,2017,"Justin Harper"
"3092",0.234326066808252,0,2017,"Nicolas Laprovittola"
"1662",0.232062226946094,0,2017,"Yogi Ferrell"
"3102",0.230670910295034,0,2017,"Joffrey Lauvergne"
"5821",0.227710179663389,0,2017,"Jeff Withey"
"2142",0.225984395494578,0,2017,"Montrezl Harrell"
"3392",0.225890996990398,0,2017,"Ian Mahinmi"
"3913",0.225872897444897,0,2017,"Gary Neal"
"902",0.225798694123176,0,2017,"Michael Carter-Williams"
"712",0.224417908012206,0,2017,"Alexis Ajinca"
"4432",0.224359426593915,0,2017,"Otto Porter"
"4113",0.223109081949966,0,2017,"Kent Bazemore"
"1613",0.222054238450193,0,2017,"Kay Felder"
"4813",0.221546548575169,0,2017,"Anthony Bennett"
"2962",0.22086260127202,0,2017,"Frank Kaminsky"
"3432",0.21845415562009,0,2017,"Wesley Matthews"
"5912",0.217756350532943,0,2017,"Cody Zeller"
"952",0.216593845344003,0,2017,"Willie Cauley-Stein"
"1913",0.216498557535765,0,2017,"Ryan Anderson"
"2282",0.215213850724797,0,2017,"John Henson"
"4162",0.214327061529318,0,2017,"Kelly Olynyk"
"5342",0.212944904669033,0,2017,"Evan Turner"
"2062",0.212515317382725,0,2017,"Jeff Green"
"1472",0.21163509654296,0,2017,"Wayne Ellington"
"2372",0.208736535685907,0,2017,"Buddy Hield"
"5092",0.208206792235803,0,2017,"Edy Tavares"
"3113",0.207431181319597,0,2017,"Joffrey Lauvergne"
"4092",0.206939923529465,0,2017,"Johnny O'Bryant"
"2782",0.204862303388748,0,2017,"Amir Johnson"
"5112",0.202358035920842,0,2017,"Edy Tavares"
"2952",0.201680950849164,0,2017,"Cory Joseph"
"2602",0.200639628771519,0,2017,"Ersan Ilyasova"
"5861",0.200199242126201,0,2017,"Delon Wright"
"3872",0.198963315791728,0,2017,"Mike Muscala"
"5242",0.197937438946948,0,2017,"Marcus Thornton"
"4032",0.195202624143561,0,2017,"Steve Novak"
"2732",0.194218490822944,0,2017,"John Jenkins"
"1462",0.192806984711047,0,2017,"Henry Ellenson"
"4822",0.192126194513578,0,2017,"Mike Scott"
"3382",0.191590102293251,0,2017,"Shelvin Mack"
"6311",0.191449835758309,0,2017,"Devin Booker"
"3922",0.190670937257528,0,2017,"Jameer Nelson"
"3852",0.189442103405299,0,2017,"Dejounte Murray"
"2452",0.18914766473719,0,2017,"Rondae Hollis-Jefferson"
"852",0.189003351600686,0,2017,"Kentavious Caldwell-Pope"
"1322",0.186866413737544,0,2017,"Cheick Diallo"
"3252",0.186328135030214,0,2017,"DeAndre Liggins"
"2332",0.185650701674375,0,2017,"Roy Hibbert"
"1642",0.185563367783995,0,2017,"Yogi Ferrell"
"5032",0.185160405550022,0,2017,"Lance Stephenson"
"3652",0.184773947550326,0,2017,"Salah Mejri"
"2162",0.184557211187206,0,2017,"Gary Harris"
"4142",0.183427749997898,0,2017,"Jahlil Okafor"
"5372",0.182816635415422,0,2017,"Tyler Ulis"
"2322",0.181483630175435,0,2017,"Roy Hibbert"
"3842",0.179664878606338,0,2017,"Shabazz Muhammad"
"2662",0.17701014037451,0,2017,"Jarrett Jack"
"1512",0.176904290462497,0,2017,"Justin Anderson"
"4772",0.176050702324177,0,2017,"Larry Sanders"
"1213",0.174923212305674,0,2017,"Al-Farouq Aminu"
"5702",0.174409555800338,0,2017,"Derrick Williams"
"5113",0.173367991331775,0,2017,"Patrick Beverley"
"1302",0.173132105572484,0,2017,"Luol Deng"
"1692",0.17281688426759,0,2017,"Evan Fournier"
"1012",0.172692052929926,0,2017,"Ian Clark"
"2632",0.172393808271124,0,2017,"Joe Ingles"
"4692",0.172275666661448,0,2017,"Terrence Ross"
"1092",0.171559172594131,0,2017,"Quinn Cook"
"5382",0.170186592831011,0,2017,"Jarrod Uthoff"
"4492",0.168916489026766,0,2017,"Ronnie Price"
"1142",0.168669142191805,0,2017,"Robert Covington"
"812",0.16831830528341,0,2017,"Bruno Caboclo"
"2992",0.168198554404566,0,2017,"Michael Kidd-Gilchrist"
"2412",0.167087995064328,0,2017,"Darrell Arthur"
"5332",0.166151992964769,0,2017,"P.J. Tucker"
"2472",0.165894862227803,0,2017,"Rodney Hood"
"4522",0.165749051904704,0,2017,"Chasson Randle"
"4242",0.165234486378969,0,2017,"Chandler Parsons"
"5762",0.16501988476831,0,2017,"Reggie Williams"
"4532",0.164140261774404,0,2017,"Chasson Randle"
"4932",0.163050593524685,0,2017,"Marcus Smart"
"3072",0.161835620301681,0,2017,"Skal Labissiere"
"5412",0.161685945571159,0,2017,"Fred VanVleet"
"4013",0.160308157366236,0,2017,"Aron Baynes"
"3772",0.160196248468328,0,2017,"Markieff Morris"
"5162",0.159184283202572,0,2017,"Jason Terry"
"5891",0.158779159243192,0,2017,"Nick Young"
"1102",0.157406882269201,0,2017,"Quinn Cook"
"2082",0.157240893167838,0,2017,"Justin Hamilton"
"4513",0.154262881104392,0,2017,"Chasson Randle"
"2513",0.154025014298074,0,2017,"Omer Asik"
"4962",0.153456710186411,0,2017,"Jason Smith"
"1082",0.152046353627748,0,2017,"Quinn Cook"
"3713",0.151424173140784,0,2017,"Elijah Millsap"
"4102",0.150739004272451,0,2017,"Quincy Acy"
"4442",0.149072584747956,0,2017,"Bobby Portis"
"5542",0.146827247487,0,2017,"C.J. Watson"
"882",0.146384996616285,0,2017,"DeMarre Carroll"
"4312",0.145199234310489,0,2017,"Cameron Payne"
"3813",0.145141037608861,0,2017,"Donatas Motiejunas"
"1812",0.140944303017287,0,2017,"Kyle Anderson"
"3062",0.140807977826403,0,2017,"Mindaugas Kuzminskas"
"2272",0.13894736037754,0,2017,"Gerald Henderson"
"1532",0.138442821102101,0,2017,"Tyler Ennis"
"2402",0.137532517114094,0,2017,"Jordan Hill"
"5062",0.137408802464747,0,2017,"Diamond Stone"
"3682",0.135548661712148,0,2017,"C.J. Miles"
"5572",0.135340239859908,0,2017,"Briante Weber"
"4472",0.135162864048027,0,2017,"Norman Powell"
"3832",0.134546349267044,0,2017,"Emmanuel Mudiay"
"5432",0.134337256427242,0,2017,"Greivis Vasquez"
"3782",0.131910394635683,0,2017,"Anthony Morrow"
"5951",0.130620112387861,0,2017,"Ivica Zubac"
"1942",0.130151328886534,0,2017,"Aaron Gordon"
"3972",0.129088342124116,0,2017,"Andrew Nicholson"
"1413",0.128153205393514,0,2017,"Alan Anderson"
"4132",0.127837344283611,0,2017,"Daniel Ochefu"
"782",0.12710243748035,0,2017,"Trey Burke"
"3282",0.126403379183406,0,2017,"Shaun Livingston"
"3822",0.125527167800348,0,2017,"Timofey Mozgov"
"2013",0.125138504476739,0,2017,"Jerian Grant"
"1482",0.124702716742895,0,2017,"Monta Ellis"
"5142",0.124180461252693,0,2017,"Mirza Teletovic"
"4103",0.123422345735285,0,2017,"Johnny O'Bryant"
"4172",0.122530823737422,0,2017,"Arinze Onuaku"
"2022",0.122377925039312,0,2017,"Danny Green"
"4712",0.122212515757073,0,2017,"Terry Rozier"
"1282",0.121862064295469,0,2017,"Malcolm Delaney"
"5552",0.121432844674294,0,2017,"Briante Weber"
"2103",0.12123300295614,0,2017,"Quincy Acy"
"932",0.120991868641173,0,2017,"Omri Casspi"
"4912",0.120957111198624,0,2017,"Jonathon Simmons"
"3622",0.120705763314019,0,2017,"Jordan McRae"
"4332",0.120613750522672,0,2017,"Gary Payton"
"2442",0.120386069860872,0,2017,"Justin Holiday"
"5801",0.11896451092583,0,2017,"Kyle Wiltjer"
"1342",0.118709499149057,0,2017,"Gorgui Dieng"
"1992",0.117580178345015,0,2017,"Jerami Grant"
"2982",0.11740373878348,0,2017,"Ryan Kelly"
"2092",0.117010106377452,0,2017,"A.J. Hammons"
"3792",0.117000417340167,0,2017,"Anthony Morrow"
"1702",0.116281432229928,0,2017,"Randy Foye"
"1622",0.115885142588823,0,2017,"Cristiano Felicio"
"3132",0.114100131482945,0,2017,"Zach LaVine"
"3552",0.113645002966448,0,2017,"K.J. McDaniels"
"5262",0.113583774971275,0,2017,"Anthony Tolliver"
"5082",0.111720647408951,0,2017,"Jared Sullinger"
"1713",0.111096360907298,0,2017,"Justin Anderson"
"913",0.110379888697871,0,2017,"Omri Casspi"
"3162",0.108137513203496,0,2017,"Courtney Lee"
"762",0.10792715387968,0,2017,"Nicolas Brussino"
"1022",0.1076576104711,0,2017,"Jordan Clarkson"
"3572",0.106711429377663,0,2017,"Doug McDermott"
"3752",0.106144728645735,0,2017,"E'Twaun Moore"
"5562",0.104595470162606,0,2017,"Briante Weber"
"813",0.104522556754389,0,2017,"Cole Aldrich"
"3882",0.102543660801197,0,2017,"Larry Nance"
"4402",0.102297234946752,0,2017,"Miles Plumlee"
"1652",0.101821189037203,0,2017,"Yogi Ferrell"
"3372",0.101140429316573,0,2017,"Trey Lyles"
"1522",0.0987045012705318,0,2017,"Tyler Ennis"
"5692",0.0983130576902071,0,2017,"Derrick Williams"
"1352",0.0979626167450577,0,2017,"Spencer Dinwiddie"
"5642",0.0978535962985799,0,2017,"C.J. Wilcox"
"1752",0.0974547986404928,0,2017,"Langston Galloway"
"3513",0.0973609496253628,0,2017,"Chris McCullough"
"3942",0.0972676140766575,0,2017,"Georges Niang"
"5532",0.0969346458505615,0,2017,"T.J. Warren"
"2932",0.0964575518384942,0,2017,"Tyus Jones"
"3052",0.0964257943107107,0,2017,"Kosta Koufos"
"3182",0.0953828881850829,0,2017,"Alex Len"
"3502",0.0950597586005953,0,2017,"Chris McCullough"
"2202",0.0950109188793186,0,2017,"Aaron Harrison"
"1013",0.0948623877292306,0,2017,"Lavoy Allen"
"772",0.0942624279791674,0,2017,"Reggie Bullock"
"1072",0.0941507470794356,0,2017,"Pat Connaughton"
"4313",0.0940237220882456,0,2017,"Malik Beasley"
"5013",0.091429145631237,0,2017,"Davis Bertans"
"4682",0.0913135440272558,0,2017,"Terrence Ross"
"4732",0.0912749701694383,0,2017,"Damjan Rudez"
"5413",0.0912212552835303,0,2017,"Tarik Black"
"3452",0.0896005590234168,0,2017,"James Michael"
"1513",0.0895599133011442,0,2017,"Tyler Ennis"
"2052",0.0889408251998538,0,2017,"JaMychal Green"
"2842",0.0888575835724423,0,2017,"Wesley Johnson"
"1272",0.0885380769861301,0,2017,"Sam Dekker"
"3103",0.0884294255699312,0,2017,"Quincy Acy"
"713",0.0879249084761789,0,2017,"Anthony Brown"
"1822",0.0877029233875293,0,2017,"Alonzo Gee"
"4482",0.0867874742900512,0,2017,"Alex Poythress"
"4302",0.085719860758529,0,2017,"Cameron Payne"
"4352",0.085655690761884,0,2017,"Marshall Plumlee"
"5212",0.0846698523922737,0,2017,"Bismack Biyombo"
"3962",0.0845683470291008,0,2017,"Andrew Nicholson"
"5152",0.0839796600716558,0,2017,"Garrett Temple"
"5312",0.082501548159675,0,2017,"Nemanja Bjelica"
"1392",0.0813897965821848,0,2017,"Jared Dudley"
"4702",0.0799378822174025,0,2017,"Terrence Ross"
"1222",0.0798839708767282,0,2017,"Troy Daniels"
"2913",0.0785392777162145,0,2017,"Wade Baldwin"
"4292",0.078142195092819,0,2017,"Cameron Payne"
"3662",0.0778010963153662,0,2017,"Jordan Mickey"
"5713",0.0776212162178322,0,2017,"Derrick Williams"
"2352",0.0765495232608549,0,2017,"Buddy Hield"
"3222",0.0759975745995523,0,2017,"Caris LeVert"
"3932",0.0742439772199448,0,2017,"Raul Neto"
"1452",0.0738687207185255,0,2017,"Jarell Eddie"
"3562",0.073767997781442,0,2017,"Doug McDermott"
"3952",0.0735563186011295,0,2017,"Andrew Nicholson"
"5812",0.0729689735895657,0,2017,"Justise Winslow"
"3532",0.0722842971312438,0,2017,"K.J. McDaniels"
"2722",0.0720013341165216,0,2017,"Richard Jefferson"
"4952",0.0719981482154895,0,2017,"J.R. Smith"
"1762",0.07161971327853,0,2017,"Langston Galloway"
"2772",0.0714435981978221,0,2017,"Jonas Jerebko"
"2362",0.0712634184986438,0,2017,"Buddy Hield"
"3472",0.0703722053042983,0,2017,"Sheldon McClellan"
"4262",0.0690795971926697,0,2017,"Patrick Patterson"
"1842",0.0688627974757813,0,2017,"Marcus Georges-Hunt"
"662",0.0683868517638836,0,2017,"Corey Brewer"
"5322",0.0682267436294172,0,2017,"P.J. Tucker"
"4413",0.0677816610876941,0,2017,"Miles Plumlee"
"4392",0.0677484126996151,0,2017,"Miles Plumlee"
"4022",0.0669182183427204,0,2017,"Lucas Nogueira"
"2422",0.0667158763883919,0,2017,"Darrun Hilliard"
"1682",0.0665939515537025,0,2017,"Bryn Forbes"
"4592",0.0664592528310209,0,2017,"Malachi Richardson"
"5831",0.066011694812763,0,2017,"Christian Wood"
"5791",0.0654485406329802,0,2017,"Troy Williams"
"992",0.0646952525716571,0,2017,"Rakeem Christmas"
"3522",0.0641422655088417,0,2017,"Chris McCullough"
"1252",0.0640148735695372,0,2017,"Ed Davis"
"1742",0.0634975429348418,0,2017,"Langston Galloway"
"3902",0.0633904360648177,0,2017,"Maurice Ndour"
"2292",0.0623344913130805,0,2017,"Juan Hernangomez"
"4612",0.062111062936969,0,2017,"DeAndre' Bembry"
"722",0.061929236737664,0,2017,"Anthony Brown"
"4213",0.0612837279532536,0,2017,"Georgios Papagiannis"
"862",0.0609890439841186,0,2017,"Isaiah Canaan"
"5931",0.0598165367389694,0,2017,"Stephen Zimmerman"
"3302",0.0596036881001184,0,2017,"Kevon Looney"
"5522",0.0589659900760768,0,2017,"Taurean Waller-Prince"
"4602",0.0587575176641886,0,2017,"Austin Rivers"
"3582",0.057964675891741,0,2017,"Doug McDermott"
"672",0.0577014325922309,0,2017,"Corey Brewer"
"3542",0.0575239406669358,0,2017,"K.J. McDaniels"
"3862",0.0559248498797404,0,2017,"Jamal Murray"
"1292",0.0556714165505328,0,2017,"Matthew Dellavedova"
"4582",0.0547331943011505,0,2017,"Josh Richardson"
"4792",0.0544584642195677,0,2017,"Tomas Satoransky"
"942",0.0531630025327698,0,2017,"Omri Casspi"
"4922",0.0528026581874052,0,2017,"Kyle Singler"
"5202",0.0525881151233033,0,2017,"Hollis Thompson"
"4632",0.052076399912554,0,2017,"Glenn Robinson"
"3422",0.0507017729920941,0,2017,"Jarell Martin"
"1192",0.0506242660712511,0,2017,"Dante Cunningham"
"655",0.0502236021882064,0,2017,"Arron Afflalo"
"4082",0.0501604254322517,0,2017,"David Nwaba"
"3232",0.0482247583762973,0,2017,"DeAndre Liggins"
"5313",0.0481433995480555,0,2017,"P.J. Tucker"
"3242",0.0474407438753922,0,2017,"DeAndre Liggins"
"3402",0.0468851199072112,0,2017,"Thon Maker"
"5213",0.0459237080924474,0,2017,"Hollis Thompson"
"4742",0.0456129015454409,0,2017,"Brandon Rush"
"5782",0.0448110559212413,0,2017,"Troy Williams"
"4862",0.0443920284763192,0,2017,"Wayne Selden"
"3442",0.0433032783310014,0,2017,"Luc Mbah"
"5182",0.0430722799012389,0,2017,"Lance Thomas"
"3152",0.0428681254469559,0,2017,"Jake Layman"
"1922",0.041090472112104,0,2017,"Archie Goodwin"
"5772",0.0407116552193725,0,2017,"Troy Williams"
"1502",0.0403476588868382,0,2017,"James Ennis"
"4182",0.0401764620393567,0,2017,"Chinanu Onuaku"
"4842",0.039548792576794,0,2017,"Wayne Selden"
"1972",0.0390122748282624,0,2017,"Treveon Graham"
"2813",0.0389738914135614,0,2017,"Ron Baker"
"5192",0.0381349331774738,0,2017,"Hollis Thompson"
"1813",0.0355795017716905,0,2017,"Michael Gbinije"
"4913",0.035482437162475,0,2017,"Ben Bentil"
"3613",0.0353261570926953,0,2017,"Ben McLemore"
"4852",0.0344289647684937,0,2017,"Wayne Selden"
"5402",0.0342897164316378,0,2017,"Denzel Valentine"
"5442",0.0334865297582817,0,2017,"Rashad Vaughn"
"2313",0.0333764454212747,0,2017,"Mario Hezonja"
"5602",0.0330796784208239,0,2017,"Okaro White"
"1242",0.0314795528436293,0,2017,"Deyonta Davis"
"2872",0.0305475177648604,0,2017,"Damian Jones"
"2213",0.0302926304545879,0,2017,"Andrew Harrison"
"2713",0.0302816892628178,0,2017,"Luke Babbitt"
"4902",0.0298313077741549,0,2017,"Pascal Siakam"
"5871",0.0288169819901276,0,2017,"James Young"
"1002",0.0286146185175875,0,2017,"Semaj Christon"
"2172",0.0281000421915342,0,2017,"Joe Harris"
"2122",0.0278100839865298,0,2017,"Maurice Harkless"
"752",0.0275130360785922,0,2017,"Jaylen Brown"
"5002",0.0274808131060851,0,2017,"Nik Stauskas"
"3602",0.0253705043461112,0,2017,"Rodney McGruder"
"1103",0.0250580273153503,0,2017,"Alex Abrines"
"1572",0.0247626789574326,0,2017,"Dante Exum"
"5941",0.0239389246471313,0,2017,"Paul Zipser"
"3202",0.0237068627074406,0,2017,"Meyers Leonard"
"5452",0.0234715873491843,0,2017,"Noah Vonleh"
"2002",0.0230370989017099,0,2017,"Jerami Grant"
"1982",0.0229601936673717,0,2017,"Jerami Grant"
"3462",0.022640058543129,0,2017,"Patrick McCaw"
"4422",0.022611291946512,0,2017,"Jakob Poeltl"
"4892",0.0211754993430593,0,2017,"Iman Shumpert"
"1152",0.0197687492812829,0,2017,"Allen Crabbe"
"5292",0.0183674792940916,0,2017,"Axel Toupane"
"4613",0.0181194701905684,0,2017,"Andre Roberson"
"3362",0.0177497895770119,0,2017,"Timothe Luwawu-Cabarrot"
"1772",0.0169644543751397,0,2017,"Patricio Garino"
"5272",0.016171113609874,0,2017,"Axel Toupane"
"1432",0.0149354486646447,0,2017,"Kris Dunn"
"5252",0.0149086633235926,0,2017,"Mike Tobey"
"2822",0.0147746415541377,0,2017,"Stanley Johnson"
"4972",0.0147718658250313,0,2017,"Tony Snell"
"982",0.0144121911650994,0,2017,"Marquese Chriss"
"5613",0.0137399346122586,0,2017,"Isaiah Whitehead"
"2882",0.0136281478095269,0,2017,"Derrick Jones"
"4713",0.0128826140751095,0,2017,"Dragan Bender"
"2542",0.0120405673927565,0,2017,"R.J. Hunter"
"5122",0.0119491372541923,0,2017,"Isaiah Taylor"
"2413",0.0118081150398627,0,2017,"Solomon Hill"
"1672",0.011377690375707,0,2017,"Dorian Finney-Smith"
"2642",0.0100409852330992,0,2017,"Brandon Ingram"
"4192",0.00826651245364307,0,2017,"Kelly Oubre"
"5282",0.00791548509543574,0,2017,"Axel Toupane"
"4762",0.00669673061856584,0,2017,"Domantas Sabonis"
"6111",0.00527314385038908,0,2017,"Andrew Bogut"
